id,name,symbol,slug,cmc_rank,max_supply,circulating_supply,total_supply,date_added,last_updated,price,volume_24h,percent_change_1h,percent_change_24h,percent_change_7d,percent_change_30d,percent_change_60d,percent_change_90d,market_cap,market_cap_dominance,fully_diluted_market_cap,tags
1,Bitcoin,BTC,bitcoin,1,21000000.0,19840403.0,19840403.0,2010-07-13T00:00:00.000Z,2025-03-22T17:10:00.000Z,84129.38308727738,11573425682.057343,0.07456361,0.21846698,-0.27251808,-13.88435169,-20.0579925,-12.09536172,1669160864592.9675,60.4867,1766717044832.82,"mineable,pow,sha-256,store-of-value,state-channel,coinbase-ventures-portfolio,three-arrows-capital-portfolio,polychain-capital-portfolio,binance-labs-portfolio,blockchain-capital-portfolio,boostvc-portfolio,cms-holdings-portfolio,dcg-portfolio,dragonfly-capital-portfolio,electric-capital-portfolio,fabric-ventures-portfolio,framework-ventures-portfolio,galaxy-digital-portfolio,huobi-capital-portfolio,alameda-research-portfolio,a16z-portfolio,1confirmation-portfolio,winklevoss-capital-portfolio,usv-portfolio,placeholder-ventures-portfolio,pantera-capital-portfolio,multicoin-capital-portfolio,paradigm-portfolio,bitcoin-ecosystem,ftx-bankruptcy-estate,2017-2018-alt-season,us-strategic-crypto-reserve"
1027,Ethereum,ETH,ethereum,2,,120634258.73655535,120634258.73655535,2015-08-07T00:00:00.000Z,2025-03-22T17:11:00.000Z,1986.3282403196106,6811521561.38488,0.07510648,1.05766493,2.56105648,-27.09204659,-40.20182736,-40.26517643,239619234878.4426,8.684,239619234878.44,"pos,smart-contracts,ethereum-ecosystem,coinbase-ventures-portfolio,three-arrows-capital-portfolio,polychain-capital-portfolio,binance-labs-portfolio,avalanche-ecosystem,blockchain-capital-portfolio,boostvc-portfolio,cms-holdings-portfolio,dcg-portfolio,dragonfly-capital-portfolio,electric-capital-portfolio,fabric-ventures-portfolio,framework-ventures-portfolio,hashkey-capital-portfolio,kenetic-capital-portfolio,huobi-capital-portfolio,alameda-research-portfolio,a16z-portfolio,1confirmation-portfolio,winklevoss-capital-portfolio,usv-portfolio,placeholder-ventures-portfolio,pantera-capital-portfolio,multicoin-capital-portfolio,paradigm-portfolio,tezos-ecosystem,near-protocol-ecosystem,velas-ecosystem,ethereum-pow-ecosystem,osmosis-ecosystem,layer-1,ftx-bankruptcy-estate,zksync-era-ecosystem,viction-ecosystem,klaytn-ecosystem,sora-ecosystem,rsk-rbtc-ecosystem,starknet-ecosystem,world-liberty-financial-portfolio,us-strategic-crypto-reserve"
825,Tether USDt,USDT,tether,3,,143486985787.07953,145880315798.6648,2015-02-25T00:00:00.000Z,2025-03-22T17:10:00.000Z,0.9998084659396187,35461252619.39243,0.00324473,0.01888225,-0.03188403,-0.03597892,0.03302415,0.0631836,143459503142.07986,5.1987,145852374749.45,"stablecoin,asset-backed-stablecoin,waves-ecosystem,bitcoin-cash-ecosystem,avalanche-ecosystem,polygon-ecosystem,fantom-ecosystem,terra-ecosystem,tezos-ecosystem,near-protocol-ecosystem,arbitrum-ecosystem,celo-ecosystem,iotex-ecosystem,zilliqa-ecosystem,harmony-ecosystem,moonriver-ecosystem,cronos-ecosystem,injective-ecosystem,oasis-ecosystem,moonbeam-ecosystem,usd-stablecoin,xdc-ecosystem,everscale-ecosystem,velas-ecosystem,doge-chain-ecosystem,ethereum-pow-ecosystem,aptos-ecosystem,sui-ecosystem,optimism-ecosystem,canto-ecosystem,osmosis-ecosystem,zksync-era-ecosystem,pulsechain-ecosystem,sei-ecosystem,toncoin-ecosystem,fiat-stablecoin,viction-ecosystem,gnosis-chain-ecosystem,klaytn-ecosystem,okexchain-ecosystem,conflux-ecosystem,kcc-ecosystem,tron20-ecosystem,kardiachain-ecosystem,rsk-rbtc-ecosystem,telos-ecosystem,boba-network-ecosystem,fusion-network-ecosystem,hoo-smart-chain-ecosystem,secret-ecosystem,aurora-ecosystem,metis-andromeda-ecosystem,meter-ecosystem,fuse-ecosystem,syscoin-ecosystem,milkomeda-ecosystem,bitgert-ecosystem,astar-ecosystem,cube-network-ecosystem,thundercore-ecosystem,redlight-chain-ecosystem,core-ecosystem,polygon-zkevm-ecosystem,eos-evm-ecosystem,starknet-ecosystem,mantle-ecosystem,neon-evm-ecosystem,manta-pacific-ecosystem,scroll-ecosystem,x-layer-ecosystem,world-liberty-financial-portfolio"
52,XRP,XRP,xrp,4,100000000000.0,58158111605.0,99986323420.0,2013-08-04T00:00:00.000Z,2025-03-22T17:11:00.000Z,2.3844617641848656,1970876893.7046144,0.27215291,-0.31321893,-1.1731771,-11.44594786,-25.07584554,6.51173408,138675793399.3186,5.0257,238446176418.49,"medium-of-exchange,enterprise-solutions,xrp-ecosystem,arrington-xrp-capital-portfolio,galaxy-digital-portfolio,a16z-portfolio,pantera-capital-portfolio,ftx-bankruptcy-estate,2017-2018-alt-season,klaytn-ecosystem,made-in-america,us-strategic-crypto-reserve"
1839,BNB,BNB,bnb,5,,142473227.18,142473227.18,2017-07-25T00:00:00.000Z,2025-03-22T17:11:00.000Z,626.3352737038251,1230276483.3196197,0.15248933,-1.45413996,2.74346109,-3.72295958,-9.38980527,-4.63905955,89236007741.25256,3.234,89236007741.25,"marketplace,centralized-exchange,payments,smart-contracts,alameda-research-portfolio,multicoin-capital-portfolio,bnb-chain-ecosystem,layer-1,alleged-sec-securities,celsius-bankruptcy-estate"
5426,Solana,SOL,solana,6,,510497198.8533364,596789158.869763,2020-04-10T00:00:00.000Z,2025-03-22T17:11:00.000Z,129.04295834460493,1879455790.094469,0.04196771,2.07256131,-4.6431885,-25.16094418,-47.18776101,-29.33947558,65876068766.66859,2.3874,77011438568.54,"pos,platform,solana-ecosystem,cms-holdings-portfolio,kenetic-capital-portfolio,alameda-research-portfolio,multicoin-capital-portfolio,okx-ventures-portfolio,layer-1,ftx-bankruptcy-estate,alleged-sec-securities,cmc-crypto-awards-2024,made-in-america,us-strategic-crypto-reserve"
3408,USDC,USDC,usd-coin,7,,59617541025.350174,59617541025.350174,2018-10-08T00:00:00.000Z,2025-03-22T17:11:00.000Z,1.000074093703816,4710152108.920047,0.00709392,-0.02548072,0.02422303,0.02096794,-0.0040149,0.00230759,59621958309.77714,2.1607,59621958309.78,"medium-of-exchange,stablecoin,asset-backed-stablecoin,waves-ecosystem,bitcoin-cash-ecosystem,wanchain-ecosystem,coinbase-ventures-portfolio,avalanche-ecosystem,hedera-hashgraph-ecosystem,polygon-ecosystem,terra-ecosystem,near-protocol-ecosystem,arbitrum-ecosystem,celo-ecosystem,iotex-ecosystem,harmony-ecosystem,moonriver-ecosystem,cronos-ecosystem,injective-ecosystem,oasis-ecosystem,moonbeam-ecosystem,usd-stablecoin,everscale-ecosystem,velas-ecosystem,doge-chain-ecosystem,ethereum-pow-ecosystem,aptos-ecosystem,sui-ecosystem,optimism-ecosystem,canto-ecosystem,osmosis-ecosystem,zksync-era-ecosystem,pulsechain-ecosystem,base-ecosystem,sei-ecosystem,multiversx-ecosystem,fiat-stablecoin,viction-ecosystem,gnosis-chain-ecosystem,okexchain-ecosystem,conflux-ecosystem,kcc-ecosystem,tron20-ecosystem,kardiachain-ecosystem,telos-ecosystem,ronin-ecosystem,boba-network-ecosystem,kava-ecosystem,secret-ecosystem,aurora-ecosystem,metis-andromeda-ecosystem,meter-ecosystem,fuse-ecosystem,elastos-ecosystem,syscoin-ecosystem,milkomeda-ecosystem,evmos-ecosystem,bitgert-ecosystem,astar-ecosystem,thundercore-ecosystem,tomb-chain-ecosystem,wemix-ecosystem,sx-network-ecosystem,godwoken-ecosystem,energi-ecosystem,core-ecosystem,polygon-zkevm-ecosystem,starknet-ecosystem,mantle-ecosystem,neon-evm-ecosystem,scroll-ecosystem,shido-network-ecosystem,made-in-america,world-liberty-financial-portfolio"
74,Dogecoin,DOGE,dogecoin,8,,148536516383.70523,148536516383.70523,2013-12-15T00:00:00.000Z,2025-03-22T17:11:00.000Z,0.16820555988695668,493802225.0523199,0.21045876,0.68719317,-4.44621486,-33.21632855,-55.71290661,-46.9119417,24984667901.97925,0.9055,24984667901.98,"mineable,pow,scrypt,medium-of-exchange,memes,payments,doggone-doggerel,ftx-bankruptcy-estate,made-in-america"
2010,Cardano,ADA,cardano,9,45000000000.0,35238941062.750435,44994940568.06273,2017-10-01T00:00:00.000Z,2025-03-22T17:11:00.000Z,0.7035088436516342,489881925.465158,0.12805183,-0.79452075,-6.30764604,-11.72541514,-29.839637,-21.39095284,24790906678.56365,0.8984,31657897964.32,"dpos,pos,platform,research,smart-contracts,staking,cardano-ecosystem,cardano,layer-1,alleged-sec-securities,2017-2018-alt-season,made-in-america,us-strategic-crypto-reserve"
1958,TRON,TRX,tron,10,,95009761823.37001,95009769352.22565,2017-09-13T00:00:00.000Z,2025-03-22T17:11:00.000Z,0.23510850160380836,410822682.6568769,0.39878957,-0.04670675,5.45036261,-3.34944949,-3.01651061,-4.81515551,22337602740.027237,0.8095,22337604510.13,"media,payments,tron-ecosystem,layer-1,dwf-labs-portfolio,alleged-sec-securities,2017-2018-alt-season,tron20-ecosystem,world-liberty-financial-portfolio"
1975,Chainlink,LINK,chainlink,11,,657099970.4527867,1000000000.0,2017-09-20T00:00:00.000Z,2025-03-22T17:11:00.000Z,14.305443943301231,190410727.30128747,0.4126872,2.29822261,1.9430546,-20.7971248,-45.78818878,-35.60730017,9400106792.457235,0.3407,14305443943.3,"platform,defi,oracles,smart-contracts,ethereum-ecosystem,substrate,polkadot,heco-ecosystem,avalanche-ecosystem,solana-ecosystem,framework-ventures-portfolio,polygon-ecosystem,fantom-ecosystem,cardano-ecosystem,terra-ecosystem,web3,near-protocol-ecosystem,arbitrum-ecosystem,cardano,injective-ecosystem,bnb-chain-ecosystem,optimism-ecosystem,real-world-assets,celsius-bankruptcy-estate,gnosis-chain-ecosystem,sora-ecosystem,hoo-smart-chain-ecosystem,milkomeda-ecosystem,energi-ecosystem,made-in-america,world-liberty-financial-portfolio"
11419,Toncoin,TON,toncoin,12,,2481907925.737546,5125291979.133474,2021-08-26T13:40:22.000Z,2025-03-22T17:10:00.000Z,3.675428145873656,100850090.68907821,0.77037362,2.68389263,6.62327179,2.34885486,-28.92954638,-32.3294454,9122074245.72268,0.3306,18837642395.93,"pos,layer-1,ftx-bankruptcy-estate,dwf-labs-portfolio,toncoin-ecosystem,cmc-crypto-yearbook-2024-2025"
3957,UNUS SED LEO,LEO,unus-sed-leo,13,,923889177.9,985239504.0,2019-05-21T00:00:00.000Z,2025-03-22T17:11:00.000Z,9.764072483439124,1660277.72597917,-0.02526482,0.05548037,-0.4654356,0.630655,0.51762266,4.86720969,9020920899.680584,0.3269,9619949930.6,"marketplace,centralized-exchange,discount-token,payments,ethereum-ecosystem,kenetic-capital-portfolio,alameda-research-portfolio"
512,Stellar,XLM,stellar,14,50001806812.0,30757933130.924313,50001786892.81798,2014-08-05T00:00:00.000Z,2025-03-22T17:11:00.000Z,0.2759146823952794,120014634.85846664,0.29906325,-0.83150638,0.4497289,-20.39467567,-38.07924408,-23.51285252,8486565350.954223,0.3076,13796232645.72,"medium-of-exchange,enterprise-solutions,decentralized-exchange-dex-token,smart-contracts,hashkey-capital-portfolio,2017-2018-alt-season,made-in-america"
5805,Avalanche,AVAX,avalanche,15,715748719.0,414725368.87869424,451394868.87869424,2020-07-13T00:00:00.000Z,2025-03-22T17:11:00.000Z,19.51825012595694,176162642.87235063,-0.17156377,4.75552561,4.92524289,-20.71170807,-46.54437332,-47.82075763,8094713483.354112,0.2934,13970162524.78,"defi,smart-contracts,three-arrows-capital-portfolio,polychain-capital-portfolio,avalanche-ecosystem,cms-holdings-portfolio,dragonfly-capital-portfolio,moonbeam-ecosystem,real-world-assets,layer-1,zksync-era-ecosystem,klaytn-ecosystem,made-in-america"
4642,Hedera,HBAR,hedera,16,50000000000.0,42219399510.28065,50000000000.0,2019-09-17T00:00:00.000Z,2025-03-22T17:11:00.000Z,0.18388603445900603,142484239.69472092,0.23451833,-0.54165088,-4.15901628,-15.89322687,-46.05360979,-31.24747151,7763557953.186009,0.2814,9194301722.95,"dag,marketplace,enterprise-solutions,defi,payments,dcg-portfolio,hedera-hashgraph-ecosystem,real-world-assets,layer-1,made-in-america"
5994,Shiba Inu,SHIB,shiba-inu,17,589552695333683.0,589252910253774.4,589506834298638.1,2020-08-01T00:00:00.000Z,2025-03-22T17:11:00.000Z,1.2871656131362523e-05,108647776.78847663,0.40411579,2.3225802,0.90707585,-16.39537826,-38.5808684,-41.12953992,7584660835.191206,0.2749,7588519565.65,"memes,ethereum-ecosystem,doggone-doggerel,base-ecosystem"
20947,Sui,SUI,sui,18,10000000000.0,3169845047.4838877,10000000000.0,2022-07-12T08:03:11.000Z,2025-03-22T17:11:00.000Z,2.290629390784314,416586211.9943784,-0.13016706,0.90997845,-3.06003285,-31.95993194,-49.22448012,-47.04246614,7260940229.998692,0.2631,22906293907.84,"binance-launchpool,coinbase-ventures-portfolio,binance-labs-portfolio,electric-capital-portfolio,a16z-portfolio,sui-ecosystem,layer-1,move-vm,cmc-crypto-yearbook-2024-2025,made-in-america,world-liberty-financial-portfolio"
6636,Polkadot,DOT,polkadot-new,19,,1560135071.7144692,1560135071.7144692,2020-08-19T00:00:00.000Z,2025-03-22T17:11:00.000Z,4.500747941346636,144026461.78143117,0.93333219,0.69947823,2.53955429,-9.9884698,-32.89026662,-35.45807533,7021774712.241583,0.2545,7021774712.24,"substrate,polkadot,polkadot-ecosystem,three-arrows-capital-portfolio,polychain-capital-portfolio,arrington-xrp-capital-portfolio,blockchain-capital-portfolio,boostvc-portfolio,cms-holdings-portfolio,coinfund-portfolio,fabric-ventures-portfolio,fenbushi-capital-portfolio,hashkey-capital-portfolio,kenetic-capital-portfolio,1confirmation-portfolio,placeholder-ventures-portfolio,pantera-capital-portfolio,exnetwork-capital-portfolio,web3,spartan-group,osmosis-ecosystem,layer-1"
2,Litecoin,LTC,litecoin,20,84000000.0,75558468.3040892,84000000.0,2013-04-28T00:00:00.000Z,2025-03-22T17:11:00.000Z,91.31023042042992,321594695.0055142,0.48572839,-2.33895849,-2.01320571,-27.89076985,-24.72950192,-10.3341297,6899261151.061135,0.25,7670059355.32,"mineable,pow,scrypt,medium-of-exchange,layer-1,2017-2018-alt-season,hoo-smart-chain-ecosystem,made-in-america"
35697,Pi,PI,pi,21,100000000000.0,6778458009.364581,100000000000.0,2025-02-11T07:16:10.000Z,2025-03-22T17:11:00.000Z,1.002170101124809,477946494.86170644,0.1947489,-7.55516411,-31.06205518,26.35557462,-41.03438054,-41.03438054,6793167948.715174,0.2462,100217010112.48,"layer-1,mobile-mining"
1831,Bitcoin Cash,BCH,bitcoin-cash,22,21000000.0,19845634.375,19845634.375,2017-07-23T00:00:00.000Z,2025-03-22T17:11:00.000Z,323.95065761762106,196496839.067674,0.46824311,-1.67049571,-6.20402897,0.6091163,-27.03553869,-28.0049648,6429006306.620116,0.233,6802963809.97,"mineable,pow,sha-256,marketplace,medium-of-exchange,store-of-value,enterprise-solutions,payments,bitcoin-ecosystem,layer-1,2017-2018-alt-season,made-in-america"
6536,MANTRA,OM,mantra,23,,984744833.76,1812937351.23,2020-08-11T00:00:00.000Z,2025-03-22T17:11:00.000Z,6.318936092818643,87359115.10825473,0.82119888,0.7388787,-3.78728042,-15.68816958,71.69023918,71.82785428,6222539672.262759,0.2255,11455835262.71,"cosmos-ecosystem,defi,dao,ethereum-ecosystem,kenetic-capital-portfolio,exnetwork-capital-portfolio,polygon-ecosystem,osmosis-ecosystem,real-world-assets,base-ecosystem"
11092,Bitget Token,BGB,bitget-token-new,24,,1200000000.0,1200000000.0,2021-07-29T00:00:00.000Z,2025-03-22T17:11:00.000Z,4.686519463290105,46953335.67046828,-0.18339129,1.97852242,5.26089453,3.89006637,-34.18745833,12.77004831,5623823355.948126,0.2038,5623823355.95,"centralized-exchange,ethereum-ecosystem"
29470,Ethena USDe,USDe,ethena-usde,25,,5392031215.677536,5392031215.677536,2024-02-20T11:05:01.000Z,2025-03-22T17:11:00.000Z,0.9995954025200037,85909381.88241266,0.02561713,0.01411802,-0.01588174,5.096e-05,0.0959561,0.01810065,5389849613.435612,0.1953,5389849613.44,"stablecoin,asset-backed-stablecoin,binance-labs-portfolio,dragonfly-capital-portfolio,arbitrum-ecosystem,usd-stablecoin,optimism-ecosystem,linea-ecosystem,eigenlayer-ecosystem,kava-ecosystem,metis-andromeda-ecosystem,mantle-ecosystem,manta-pacific-ecosystem,scroll-ecosystem"
4943,Dai,DAI,multi-collateral-dai,26,,5365382702.664872,5365382702.664872,2019-11-22T00:00:00.000Z,2025-03-22T17:10:00.000Z,1.0000558336619383,137679519.88418996,0.00408741,0.00795471,-0.00457539,-0.0277981,-0.00888012,0.0253698,5365682271.628862,0.1944,5365682271.63,"defi,stablecoin,asset-backed-stablecoin,avalanche-ecosystem,polygon-ecosystem,fantom-ecosystem,terra-ecosystem,near-protocol-ecosystem,arbitrum-ecosystem,harmony-ecosystem,moonriver-ecosystem,cronos-ecosystem,moonbeam-ecosystem,usd-stablecoin,everscale-ecosystem,optimism-ecosystem,osmosis-ecosystem,pulsechain-ecosystem,toncoin-ecosystem,gnosis-chain-ecosystem,klaytn-ecosystem,sora-ecosystem,boba-network-ecosystem,aurora-ecosystem,metis-andromeda-ecosystem,bitgert-ecosystem,energi-ecosystem,starknet-ecosystem"
32196,Hyperliquid,HYPE,hyperliquid,27,1000000000.0,333928180.0,999993930.0,2024-07-15T10:14:50.000Z,2025-03-22T17:11:00.000Z,15.70721831527558,99522954.28793435,-0.06188527,4.88751737,7.88784732,-35.68934164,-33.44344605,-49.25427118,5245082824.882641,0.1901,15707218315.28,"decentralized-exchange-dex-token,derivatives,layer-1,hyperliquid-ecosystem"
7083,Uniswap,UNI,uniswap,28,,628494054.71,1000000000.0,2020-09-17T00:00:00.000Z,2025-03-22T17:11:00.000Z,6.834897157343638,73015613.58885588,1.35887788,0.05189632,10.88769118,-26.64120526,-49.77426212,-51.45978447,4295692227.9447565,0.1557,6834897157.34,"decentralized-exchange-dex-token,defi,dao,yield-farming,amm,coinbase-ventures-portfolio,three-arrows-capital-portfolio,governance,avalanche-ecosystem,blockchain-capital-portfolio,defiance-capital-portfolio,alameda-research-portfolio,a16z-portfolio,pantera-capital-portfolio,parafi-capital,paradigm-portfolio,polygon-ecosystem,terra-ecosystem,near-protocol-ecosystem,arbitrum-ecosystem,injective-ecosystem,optimism-ecosystem,layer-1,cmc-crypto-awards-2024,gnosis-chain-ecosystem,sora-ecosystem,hoo-smart-chain-ecosystem,made-in-america"
328,Monero,XMR,monero,29,,18446744.07370955,18446744.07370955,2014-05-21T00:00:00.000Z,2025-03-22T17:11:00.000Z,215.0663126887675,49866259.80157718,-0.34413462,2.11235283,2.48078688,-7.26292097,-0.70594768,11.79040488,3967273229.0460873,0.1438,3967273229.05,"mineable,pow,medium-of-exchange,privacy,ringct,boostvc-portfolio,electric-capital-portfolio,galaxy-digital-portfolio,2017-2018-alt-season"
21794,Aptos,APT,aptos,30,,602984409.4739002,1145000702.3925536,2022-10-19T01:50:25.000Z,2025-03-22T17:11:00.000Z,5.801528002165446,98583734.61252344,0.72278028,4.93705315,8.51468701,-6.80632049,-32.47701709,-38.19465507,3498230936.4320273,0.1268,6642753637.43,"binance-labs-portfolio,aptos-ecosystem,circle-ventures-portfolio,layer-1,ftx-bankruptcy-estate,move-vm,made-in-america"
6535,NEAR Protocol,NEAR,near-protocol,31,,1196642523.0,1241292355.0,2020-08-11T00:00:00.000Z,2025-03-22T17:10:00.000Z,2.7536350392057445,103356374.27661923,0.25088098,1.24448238,3.62729242,-18.02267255,-46.9807492,-45.7042973,3295116780.736366,0.1194,3418066122.63,"platform,ai-big-data,staking,coinbase-ventures-portfolio,three-arrows-capital-portfolio,arrington-xrp-capital-portfolio,coinfund-portfolio,electric-capital-portfolio,fabric-ventures-portfolio,kenetic-capital-portfolio,near-protocol-ecosystem,cross-chain,injective-ecosystem,circle-ventures-portfolio,layer-1,alleged-sec-securities,account-abstraction,data-availability,cmc-crypto-yearbook-2024-2025,made-in-america"
3897,OKB,OKB,okb,32,,60000000.0,300000000.0,2019-04-30T00:00:00.000Z,2025-03-22T17:11:00.000Z,51.760298977462384,4500036.19931002,-0.38527405,-0.80159198,10.21830312,4.79114847,-11.49604039,15.51157067,3105617938.647743,0.1125,15528089693.24,"marketplace,centralized-exchange,discount-token,ethereum-ecosystem,alameda-research-portfolio,x1-ecosystem,okexchain-ecosystem"
24478,Pepe,PEPE,pepe,33,420690000000000.0,420689899653543.56,420689899653543.56,2023-04-17T06:18:08.000Z,2025-03-22T17:11:00.000Z,7.2573650348764675e-06,376982509.65669644,0.43915618,-0.70677731,1.57538447,-22.80334223,-54.24557701,-59.69896568,3053100168.271317,0.1106,3053100896.52,"memes,ethereum-ecosystem"
8916,Internet Computer,ICP,internet-computer,34,,481781546.1376364,530657507.56131196,2021-03-23T00:00:00.000Z,2025-03-22T17:11:00.000Z,5.78817913636715,43023598.42967562,0.69378469,1.47625629,0.36120784,-17.73355171,-41.63618843,-42.24542177,2788637893.6405745,0.1011,3071540713.82,"platform,ai-big-data,smart-contracts,polychain-capital-portfolio,electric-capital-portfolio,fenbushi-capital-portfolio,hashkey-capital-portfolio,a16z-portfolio,multicoin-capital-portfolio,exnetwork-capital-portfolio,icp-ecosystem,internet-computer-ecosystem,layer-1,alleged-sec-securities"
1321,Ethereum Classic,ETC,ethereum-classic,35,210700000.0,151219398.02476862,210700000.0,2016-07-24T00:00:00.000Z,2025-03-22T17:11:00.000Z,17.940188860670705,74076764.9822561,0.22675359,1.30627141,-0.53358259,-13.78483387,-33.95535833,-31.72983028,2712904559.9612837,0.0983,3779997792.94,"mineable,pow,ethash,platform,smart-contracts,dcg-portfolio,2017-2018-alt-season,ethereum-classic-ecosystem"
7278,Aave,AAVE,aave,36,,15091048.88218145,16000000.0,2020-10-02T00:00:00.000Z,2025-03-22T17:10:00.000Z,179.72887410942582,155496744.10312596,0.05814266,1.30442058,2.97154823,-30.108446,-50.27561505,-41.55196098,2712297224.724781,0.0983,2875661985.75,"defi,dao,ethereum-ecosystem,yield-farming,three-arrows-capital-portfolio,governance,heco-ecosystem,avalanche-ecosystem,solana-ecosystem,lending-borowing,blockchain-capital-portfolio,defiance-capital-portfolio,framework-ventures-portfolio,alameda-research-portfolio,pantera-capital-portfolio,parafi-capital,polygon-ecosystem,fantom-ecosystem,near-protocol-ecosystem,optimism-ecosystem,standard-crypto-portfolio,gnosis-chain-ecosystem,sora-ecosystem,made-in-america,world-liberty-financial-portfolio"
27075,Mantle,MNT,mantle,37,6219316795.0,3364694382.8368406,6219316794.99,2023-07-17T11:00:31.000Z,2025-03-22T17:11:00.000Z,0.7854011668423129,94363431.03841218,0.08525094,0.69042455,5.54431513,-23.59469567,-29.78894781,-33.23739751,2642634894.3478303,0.0958,4884658667.75,"ethereum-ecosystem,layer-2,dwf-labs-portfolio"
21159,Ondo,ONDO,ondo-finance,38,,3159107529.0,10000000000.0,2024-01-18T12:06:25.000Z,2025-03-22T17:11:00.000Z,0.8340264597258169,59711326.37256831,0.36013943,0.92673406,-4.30271051,-32.28945707,-38.49488069,-48.6262917,2634779268.305043,0.0955,8340264597.26,"ethereum-ecosystem,real-world-assets,binance-alpha,cmc-crypto-yearbook-2024-2025,made-in-america,world-liberty-financial-portfolio"
26081,First Digital USD,FDUSD,first-digital-usd,39,,2478947973.327888,2478947973.327888,2023-07-26T04:26:40.000Z,2025-03-22T17:11:00.000Z,0.9991640012490676,2644203823.9384217,-0.01595723,-0.02168059,0.06874852,0.04429891,-0.05560079,0.21647611,2476875575.9185596,0.0898,2476875575.92,"stablecoin,binance-smart-chain,usd-stablecoin,sui-ecosystem,fiat-stablecoin"
3077,VeChain,VET,vechain,40,86712634466.0,85985041177.0,85985041177.0,2017-08-22T00:00:00.000Z,2025-03-22T17:10:00.000Z,0.02545221299388759,42836655.1519887,0.68354232,0.48365084,1.04463726,-21.65250926,-48.50549023,-45.06034655,2188509582.3251987,0.0793,2207028441.69,"logistics,data-provenance,iot,smart-contracts,fenbushi-capital-portfolio,real-world-assets"
28321,POL (prev. MATIC),POL,polygon-ecosystem-token,41,,10382883669.119854,10382883669.119854,2023-10-30T14:43:57.000Z,2025-03-22T17:11:00.000Z,0.21073628716304782,83060194.44224127,0.36886039,2.00488929,-3.25226191,-30.08528682,-53.66103438,-56.03633944,2188050354.476161,0.0793,2188050354.48,"ethereum-ecosystem,polygon-ecosystem"
35336,OFFICIAL TRUMP,TRUMP,official-trump,42,999999993.45,199999456.119835,999999478.883835,2025-01-18T04:19:35.000Z,2025-03-22T17:11:00.000Z,10.883303345873204,274715089.1369835,0.23412506,0.28353153,-11.43504588,-34.83067951,-71.98922436,67.79338793,2176654749.961821,0.0789,10883303274.59,"memes,solana-ecosystem,political-memes,celebrity-memes,made-in-america,moonshot"
3635,Cronos,CRO,cronos,43,,26571560696.0,30000000000.0,2018-12-14T00:00:00.000Z,2025-03-22T17:11:00.000Z,0.08050125553964403,19302764.30061467,0.3948969,3.5631385,-5.07262639,-6.14621207,-42.00202437,-49.05408467,2139043997.6758575,0.0775,2415037666.19,"medium-of-exchange,cosmos-ecosystem,centralized-exchange,mobile,payments,injective-ecosystem,osmosis-ecosystem,layer-1"
22974,Bittensor,TAO,bittensor,44,21000000.0,8477596.0,8477596.0,2023-03-06T05:20:00.000Z,2025-03-22T17:11:00.000Z,252.23377623230053,41406237.35393239,0.57202509,2.73350471,-2.83103266,-43.56489834,-37.77505944,-45.24970409,2138336052.4518461,0.0775,5296909300.88,"ai-big-data,distributed-computing,oracles,dao,polkadot-ecosystem,polychain-capital-portfolio,dcg-portfolio,open-source,generative-ai,depin,cmc-crypto-yearbook-2024-2025"
20396,Kaspa,KAS,kaspa,45,28704026601.0,25900569054.06786,25900569054.06786,2022-06-01T00:03:58.000Z,2025-03-22T17:11:00.000Z,0.07883448735672408,27319039.5327771,-0.35105086,-0.13112718,-2.10490075,-24.72369782,-43.57369073,-33.91976472,2041858083.6248715,0.074,2262867222.16,"mineable,dag,pow,store-of-value,polychain-capital-portfolio,layer-1,made-in-america"
4269,GateToken,GT,gatetoken,46,,85823066.5058616,300000000.0,2019-08-20T00:00:00.000Z,2025-03-22T17:11:00.000Z,22.900970100899624,8136813.14838176,0.0352633,0.81848637,5.67546132,1.27592748,3.29583448,76.35383628,1965431480.0182564,0.0712,6870291030.27,"marketplace,centralized-exchange,discount-token,ethereum-ecosystem,solana-ecosystem,ftx-bankruptcy-estate"
22861,Celestia,TIA,celestia,47,,571037850.369321,1110464876.711985,2023-10-31T16:51:41.000Z,2025-03-22T17:11:00.000Z,3.4207679495511694,54776794.40014934,0.33337578,1.58140451,-6.7614282,-2.79537034,-28.35760694,-31.55267121,1953387976.5239697,0.0708,3798642659.36,"platform,cosmos-ecosystem,injective-ecosystem,osmosis-ecosystem,modular-blockchain,egirl-capital-portfolio,data-availability,cmc-crypto-awards-2024"
2280,Filecoin,FIL,filecoin,48,,645527355.0,1959601501.0,2017-12-13T00:00:00.000Z,2025-03-22T17:11:00.000Z,3.022180317714913,89555719.79491574,1.15967406,2.92902405,2.19515488,-13.15775873,-41.86770343,-38.5990375,1950900066.8275676,0.0707,5922269086.89,"mineable,ai-big-data,distributed-computing,filesharing,storage,polychain-capital-portfolio,blockchain-capital-portfolio,boostvc-portfolio,dcg-portfolio,hashkey-capital-portfolio,a16z-portfolio,winklevoss-capital-portfolio,pantera-capital-portfolio,web3,filecoin-ecosystem,layer-1,alleged-sec-securities,depin,2017-2018-alt-season,hoo-smart-chain-ecosystem,made-in-america"
3794,Cosmos,ATOM,cosmos,49,,390934204.0,390934204.0,2019-03-14T00:00:00.000Z,2025-03-22T17:11:00.000Z,4.883599774798083,109760138.56604347,1.73889791,6.08426858,5.8263365,-0.44914763,-21.39660657,-25.64064865,1909166190.6152678,0.0692,1909166190.62,"platform,cosmos-ecosystem,content-creation,interoperability,polychain-capital-portfolio,dragonfly-capital-portfolio,hashkey-capital-portfolio,1confirmation-portfolio,paradigm-portfolio,exnetwork-capital-portfolio,polygon-ecosystem,cronos-ecosystem,injective-ecosystem,canto-ecosystem,osmosis-ecosystem,layer-1,alleged-sec-securities"
30171,Ethena,ENA,ethena,50,,5285937500.0,15000000000.0,2024-03-29T04:42:08.000Z,2025-03-22T17:10:00.000Z,0.35474306109703757,116245446.42249352,-0.10046405,-1.89056285,-3.65906512,-11.71986103,-60.27823317,-65.92160499,1875149649.517622,0.068,5321145916.46,"defi,ethereum-ecosystem,binance-labs-portfolio,okx-ventures-portfolio,cmc-crypto-yearbook-2024-2025,world-liberty-financial-portfolio"
5690,Render,RENDER,render,51,644168762.0,517716590.05628264,532476763.3362826,2020-06-11T00:00:00.000Z,2025-03-22T17:11:00.000Z,3.322420306508477,35876862.32178218,0.64791631,4.28847858,2.34094287,-22.18622248,-52.03021864,-53.29365335,1720072111.819318,0.0623,2140199375.69,"art,media,vr-ar,ai-big-data,distributed-computing,collectibles-nfts,scaling,video,ethereum-ecosystem,solana-ecosystem,metaverse,alameda-research-portfolio,multicoin-capital-portfolio,polygon-ecosystem,web3,generative-ai,depin,cmc-crypto-yearbook-2024-2025,made-in-america"
11841,Arbitrum,ARB,arbitrum,52,,4617913336.0,10000000000.0,2023-03-23T12:50:11.000Z,2025-03-22T17:11:00.000Z,0.367191441677318,76711933.81600149,0.53081532,1.15351571,1.0085223,-23.49899482,-49.4007637,-51.36966165,1695658255.3867528,0.0615,3671914416.77,"scaling,dao,dapp,ethereum-ecosystem,polychain-capital-portfolio,layer-2,rollups,pantera-capital-portfolio,arbitrum-ecosystem,osmosis-ecosystem,modular-blockchain,egirl-capital-portfolio"
4030,Algorand,ALGO,algorand,53,10000000000.0,8515392964.464643,10000000000.0,2019-06-20T00:00:00.000Z,2025-03-22T17:11:00.000Z,0.18888833060886073,50760348.61718927,0.47750108,-0.20206485,-5.89079851,-28.57092403,-55.99482798,-46.06293662,1608458361.536164,0.0583,1888883306.09,"pos,platform,research,smart-contracts,algorand-ecosystem,arrington-xrp-capital-portfolio,kenetic-capital-portfolio,usv-portfolio,multicoin-capital-portfolio,exnetwork-capital-portfolio,real-world-assets,layer-1,dwf-labs-portfolio,alleged-sec-securities,made-in-america"
7326,DeXe,DEXE,dexe,54,,83733353.16057505,96504599.33609451,2020-10-07T00:00:00.000Z,2025-03-22T17:11:00.000Z,17.618127275677562,15428680.16691095,0.5268253,-7.07176625,1.93211418,-8.94085234,-7.82579677,69.88615477,1475224873.2022693,0.0535,1700230313.79,"asset-management,ai-big-data,defi,dao,ethereum-ecosystem,bnb-chain-ecosystem"
35626,Story,IP,story-protocol,55,,258174853.0,1001222770.0,2025-02-06T07:02:40.000Z,2025-03-22T17:10:00.000Z,5.706815838786719,55564424.11855394,0.89992252,-1.50682336,0.08284598,69.02236981,97.52348993,97.52348993,1473356340.2768328,0.0534,5713793961.99,"ai-big-data,smart-contracts,layer-1,made-in-america"
32684,Sonic (prev. FTM),S,sonic,56,,2880000000.0,3175000000.0,2025-01-03T14:11:26.000Z,2025-03-22T17:11:00.000Z,0.5108211833708111,88779428.67625882,0.35779469,3.24398621,-7.67355424,-38.14560153,-17.49946294,-36.70433109,1471165008.107936,0.0533,1621857257.2,"staking,layer-1"
29210,Jupiter,JUP,jupiter-ag,57,10000000000.0,2690911111.1,6999978223.485344,2024-01-31T08:38:13.000Z,2025-03-22T17:11:00.000Z,0.5244241966772981,42372728.02338463,0.0553486,2.58187141,-1.7687533,-31.4930771,-40.01540461,-36.20557738,1411178897.7686331,0.0511,5244241966.77,"decentralized-exchange-dex-token,defi,derivatives,amm,solana-ecosystem,cross-chain,moonshot"
11840,Optimism,OP,optimism-ethereum,58,4294967296.0,1620705846.0,4294967296.0,2022-05-31T16:19:46.000Z,2025-03-22T17:11:00.000Z,0.8617708779497727,78807183.35257328,0.82175593,0.65941971,-1.32010992,-24.08660244,-50.4717413,-51.89400957,1396677099.8057492,0.0506,3701277737.44,"layer-2,optimism-ecosystem,modular-blockchain,made-in-america"
2087,KuCoin Token,KCS,kucoin-token,59,200000000.0,122561753.85133564,142561753.85133564,2017-10-24T00:00:00.000Z,2025-03-22T17:11:00.000Z,11.25638815937071,479910.74492873,0.15253402,0.14837492,0.8037536,-6.49048567,-1.21516093,1.39413033,1379602674.843882,0.05,2251277631.87,"marketplace,centralized-exchange,discount-token,ethereum-ecosystem"
3773,Artificial Superintelligence Alliance,FET,artificial-superintelligence-alliance,60,2719493897.0,2389226268.109954,2714493896.672,2019-03-02T00:00:00.000Z,2025-03-22T17:11:00.000Z,0.5167645340165802,74148152.43563604,0.79370676,2.31229394,-1.43698116,-31.6988118,-57.9744172,-59.46699893,1234667399.1000133,0.0447,1405337996.44,"cosmos-ecosystem,ai-big-data,collectibles-nfts,iot,ethereum-ecosystem,binance-launchpad,web3,injective-ecosystem,osmosis-ecosystem,generative-ai,dwf-labs-portfolio,ai-agents"
2634,XDC Network,XDC,xdc-network,61,,15696594270.75,37980129306.75,2018-04-12T00:00:00.000Z,2025-03-22T17:11:00.000Z,0.07262735465446327,27014190.61714933,-0.25405629,-2.06938778,6.5959522,-18.87321757,-37.61423772,-2.94584129,1140002118.9689765,0.0413,2758396320.98,"enterprise-solutions,masternodes,smart-contracts,xdc-ecosystem,real-world-assets,layer-1"
1518,Maker,MKR,maker,62,1000000.0,848074.41837467,874318.96568131,2017-01-29T00:00:00.000Z,2025-03-22T17:10:00.000Z,1258.7142564232522,44059472.80612653,0.06918162,3.24772689,6.23557429,-4.25906683,-2.52003257,-21.04184681,1067483360.9160548,0.0387,1258714256.42,"store-of-value,defi,dao,ethereum-ecosystem,polychain-capital-portfolio,governance,avalanche-ecosystem,lending-borowing,dragonfly-capital-portfolio,electric-capital-portfolio,a16z-portfolio,1confirmation-portfolio,placeholder-ventures-portfolio,pantera-capital-portfolio,paradigm-portfolio,near-protocol-ecosystem,arbitrum-ecosystem,spartan-group,real-world-assets,standard-crypto-portfolio,made-in-america"
32452,Movement,MOVE,movement,63,10000000000.0,2450000000.0,10000000000.0,2024-07-29T03:27:27.000Z,2025-03-22T17:11:00.000Z,0.43399972126785835,42018812.48522137,0.99179876,2.79415874,-6.22050327,-7.63984039,-38.56130032,-48.41661343,1063299317.1062529,0.0385,4339997212.68,"binance-labs-portfolio,layer-1,move-vm,made-in-america,binance-hodler-airdrops,world-liberty-financial-portfolio"
10603,Immutable,IMX,immutable-x,64,2000000000.0,1792834764.3898141,2000000000.0,2021-06-24T00:00:00.000Z,2025-03-22T17:11:00.000Z,0.5907299819048131,41053806.42200665,2.37440238,9.48674342,1.45432191,-18.38992717,-51.66258796,-55.7486599,1059081247.9263147,0.0384,1181459963.81,"collectibles-nfts,zero-knowledge-proofs,gaming,scaling,ethereum-ecosystem,layer-2,rollups,arrington-xrp-capital-portfolio,alameda-research-portfolio"
7226,Injective,INJ,injective,65,,99970935.41,100000000.0,2020-09-29T00:00:00.000Z,2025-03-22T17:11:00.000Z,9.892701118211168,60653262.73891127,0.61872432,2.97998586,-3.57027707,-36.98804486,-55.08967669,-52.06606678,988982584.5191234,0.0358,989270111.82,"pos,platform,cosmos-ecosystem,ai-big-data,smart-contracts,cosmos,binance-smart-chain,binance-launchpad,binance-labs-portfolio,cms-holdings-portfolio,pantera-capital-portfolio,web3,injective-ecosystem,osmosis-ecosystem,real-world-assets,layer-1,made-in-america"
13502,Worldcoin,WLD,worldcoin-org,66,,1184746249.115622,10000000000.0,2021-10-28T15:31:43.000Z,2025-03-22T17:11:00.000Z,0.8325713456973883,81585287.62513912,0.17271526,0.18191247,-5.02012696,-28.14257157,-56.72260031,-62.82532539,986385778.9361267,0.0357,8325713456.97,"privacy,zero-knowledge-proofs,identity,ethereum-ecosystem,governance,blockchain-capital-portfolio,a16z-portfolio,token,optimism-ecosystem,world-chain-mainnet-ecosystem,made-in-america"
23095,Bonk,BONK,bonk1,67,88872433754423.19,77895679251280.27,88852538721321.52,2022-12-30T06:58:50.000Z,2025-03-22T17:11:00.000Z,1.2301085800760502e-05,149329088.7556828,-0.76990116,7.48298443,11.43996832,-21.9008929,-64.0070557,-61.49619744,958201433.9785181,0.0347,1093227432.94,"memes,ethereum-ecosystem,solana-ecosystem,polygon-ecosystem,doggone-doggerel,arbitrum-ecosystem,injective-ecosystem,aptos-ecosystem,sui-ecosystem,dwf-labs-portfolio,base-ecosystem,cmc-crypto-awards-2024,made-in-america"
4847,Stacks,STX,stacks,68,1818000000.0,1518056897.62983,1518049968.49647,2019-10-28T00:00:00.000Z,2025-03-22T17:11:00.000Z,0.6281048875567218,19445333.59276431,0.66841014,1.39087722,-4.07850302,-32.09265502,-57.22454552,-62.24137885,953498956.9904902,0.0346,1141894685.58,"mineable,platform,collectibles-nfts,defi,smart-contracts,metaverse,arrington-xrp-capital-portfolio,blockchain-capital-portfolio,dcg-portfolio,fabric-ventures-portfolio,hashkey-capital-portfolio,huobi-capital-portfolio,usv-portfolio,web3,injective-ecosystem,bitcoin-ecosystem,made-in-america"
23149,Sei,SEI,sei,69,,4882361111.0,10000000000.0,2023-08-14T07:35:00.000Z,2025-03-22T17:11:00.000Z,0.19376210302586946,43055040.79015477,0.52570973,2.2106857,-5.85281725,-24.56647008,-45.94262505,-54.70661084,946016556.5990804,0.0343,1937621030.26,"cosmos-ecosystem,coinbase-ventures-portfolio,multicoin-capital-portfolio,osmosis-ecosystem,layer-1,jump-crypto,sei-ecosystem,parallel-evm,made-in-america,world-liberty-financial-portfolio"
2416,Theta Network,THETA,theta-network,70,1000000000.0,1000000000.0,1000000000.0,2018-01-17T00:00:00.000Z,2025-03-22T17:11:00.000Z,0.9410367517749515,14019799.41468087,1.01972684,3.27181034,4.26589345,-26.82955922,-54.93918934,-56.48835457,941036751.7749515,0.0341,941036751.77,"media,vr-ar,ai-big-data,distributed-computing,content-creation,entertainment,sharing-economy,smart-contracts,video,huobi-capital-portfolio,web3,layer-1,depin,2017-2018-alt-season,made-in-america"
6719,The Graph,GRT,the-graph,71,,9775189789.318213,10800262823.318213,2020-12-17T00:00:00.000Z,2025-03-22T17:11:00.000Z,0.09617602391193272,26199548.64013056,0.69828045,3.14368247,-0.4033347,-29.21983605,-53.12586392,-53.85777625,940138886.921149,0.0341,1038726335.55,"ai-big-data,enterprise-solutions,defi,ethereum-ecosystem,coinbase-ventures-portfolio,avalanche-ecosystem,solana-ecosystem,analytics,coinfund-portfolio,dcg-portfolio,fabric-ventures-portfolio,framework-ventures-portfolio,ledgerprime-portfolio,multicoin-capital-portfolio,parafi-capital,polygon-ecosystem,fantom-ecosystem,web3,near-protocol-ecosystem,arbitrum-ecosystem,spartan-group,injective-ecosystem,sora-ecosystem,made-in-america"
3155,Quant,QNT,quant,72,14881364.0,12072738.0,14881364.0,2018-08-10T00:00:00.000Z,2025-03-22T17:10:00.000Z,77.28052291911322,12982168.5133802,0.40599452,1.73530943,-1.56592627,-20.86423765,-29.42506817,-27.49341837,932987505.7054491,0.0338,1150039591.67,"platform,interoperability,ethereum-ecosystem,real-world-assets"
8000,Lido DAO,LDO,lido-dao,73,,897877243.8587132,1000000000.0,2020-12-15T00:00:00.000Z,2025-03-22T17:11:00.000Z,1.010679875374349,47519798.17371427,-0.44839635,2.45142421,5.48006685,-41.06949699,-46.97010051,-42.73523123,907466460.9245881,0.0329,1010679875.37,"defi,dao,ethereum-ecosystem,three-arrows-capital-portfolio,solana-ecosystem,paradigm-portfolio,terra-ecosystem,arbitrum-ecosystem,liquid-staking-derivatives,optimism-ecosystem,standard-crypto-portfolio,egirl-capital-portfolio,cmc-crypto-yearbook-2024-2025"
7950,Flare,FLR,flare,74,,61064705448.86461,103175483360.8359,2020-12-11T00:00:00.000Z,2025-03-22T17:10:00.000Z,0.01483709417305218,9308192.3596355,-0.54267659,0.37226325,-6.73400867,-25.76011557,-50.15316186,-43.98583869,906022785.3944968,0.0328,1530824362.97,"layer-1,dwf-labs-portfolio"
1765,EOS,EOS,eos,75,2100000000.0,1554064658.0721,2100000000.0,2017-07-01T00:00:00.000Z,2025-03-22T17:11:00.000Z,0.5568857416430448,89504534.57449554,0.80221657,-0.3120729,11.07784554,-13.76593221,-34.19865971,-30.01591226,865436449.6717262,0.0314,1169460057.45,"medium-of-exchange,enterprise-solutions,smart-contracts,eos-ecosystem,heco-ecosystem,fenbushi-capital-portfolio,galaxy-digital-portfolio,dwf-labs-portfolio,2017-2018-alt-season,made-in-america"
27772,PayPal USD,PYUSD,paypal-usd,76,,844460868.836494,844460868.836494,2023-08-21T14:30:00.000Z,2025-03-22T17:11:00.000Z,0.9996482902842013,26094582.55567592,-0.00246878,0.0140042,0.01916631,-0.05161212,-0.05621225,-0.00197345,844163863.7443124,0.0306,844163863.74,"stablecoin,asset-backed-stablecoin,usd-stablecoin,fiat-stablecoin"
7186,PancakeSwap,CAKE,pancakeswap,77,450000000.0,302008002.0717521,381091732.4628484,2020-09-25T00:00:00.000Z,2025-03-22T17:11:00.000Z,2.7354214342022,287582095.4845543,-0.4419486,1.43913452,43.20831828,9.49124562,23.85231213,16.63233291,826119162.1676531,0.0299,1230939645.39,"collectibles-nfts,decentralized-exchange-dex-token,defi,smart-contracts,ethereum-ecosystem,yield-farming,amm,binance-smart-chain,dex,governance,arbitrum-ecosystem,bnb-chain-ecosystem,aptos-ecosystem,zksync-era-ecosystem,base-ecosystem,linea-ecosystem,polygon-zkevm-ecosystem,opbnb-ecosystem"
7080,Gala,GALA,gala,78,50000000000.0,43631050432.50813,43631050432.50813,2020-09-16T00:00:00.000Z,2025-03-22T17:11:00.000Z,0.01720851997014551,42981037.38252694,0.68493444,3.40089631,2.17221594,-22.54509168,-49.08301468,-51.61565696,750825802.6862421,0.0272,860425998.51,"collectibles-nfts,gaming,ethereum-ecosystem,binance-smart-chain,polygon-ecosystem,play-to-earn,dwf-labs-portfolio,made-in-america"
5176,Tether Gold,XAUt,tether-gold,79,,246524.0,246524.0,2020-02-07T00:00:00.000Z,2025-03-22T17:11:00.000Z,3031.395256904033,3132147.0389475,0.07610455,0.38523112,1.50824226,3.10038977,11.66994243,15.20985957,747311684.3130099,0.0271,747311684.31,"ethereum-ecosystem,tokenized-gold"
2694,Nexo,NEXO,nexo,80,,646145839.5746847,1000000000.0,2018-05-01T00:00:00.000Z,2025-03-22T17:11:00.000Z,1.1353468229561605,11840175.14465706,0.76516358,1.55987792,4.43836168,-15.36308164,-17.70885262,-15.59342393,733599626.1274593,0.0266,1135346822.96,"services,payments,ethereum-ecosystem,polygon-ecosystem,cardano-ecosystem,alleged-sec-securities"
2011,Tezos,XTZ,tezos,81,,1035818826.615507,1056070075.024727,2017-10-06T00:00:00.000Z,2025-03-22T17:11:00.000Z,0.7055237299542072,15816180.476879,0.59718061,2.33120179,-0.65370152,-19.07554916,-42.18466143,-44.00204446,730794762.1105627,0.0265,745082498.42,"pos,platform,enterprise-solutions,collectibles-nfts,defi,smart-contracts,polychain-capital-portfolio,boostvc-portfolio,winklevoss-capital-portfolio,tezos-ecosystem,layer-1,2017-2018-alt-season,made-in-america"
24647,Berachain,BERA,berachain,82,,107480000.0,500000000.0,2025-02-06T13:00:00.000Z,2025-03-22T17:11:00.000Z,6.730906439180549,115497467.24924353,0.60317966,1.82213722,7.50986173,-17.72988833,573.09064392,573.09064392,723437824.0831254,0.0262,3365453219.59,"defi,layer-1,modular-blockchain,cmc-crypto-yearbook-2024-2025,binance-hodler-airdrops"
6210,The Sandbox,SAND,the-sandbox,83,,2481357126.2233224,3000000000.0,2020-08-05T00:00:00.000Z,2025-03-22T17:11:00.000Z,0.28442537086578185,32695512.41585336,0.59823493,1.06054289,-0.03718645,-22.40865146,-50.7787454,-49.9484018,705760920.8765191,0.0256,853276112.6,"collectibles-nfts,content-creation,gaming,ethereum-ecosystem,binance-launchpad,metaverse,polygon-ecosystem,play-to-earn,animoca-brands-portfolio,alleged-sec-securities"
23635,Four,FORM,binaryx-new,84,580000000.0,381867255.144574,572301922.0959299,2023-02-22T12:30:00.000Z,2025-03-22T17:11:00.000Z,1.848496542374928,39582374.00408928,-0.87789381,0.69847795,72.4848649,99.58343222,543.49468838,346.27248853,705880300.7809495,0.0256,1072127994.58,"gaming,binance-chain,bnb-chain-ecosystem"
3602,Bitcoin SV,BSV,bitcoin-sv,85,,19841165.625,19841165.625,2018-11-09T00:00:00.000Z,2025-03-22T17:11:00.000Z,34.89325515284741,33730776.36079751,1.59303898,2.99361976,1.33495995,-7.87044177,-33.93647447,-34.47281798,692322854.6830301,0.0251,692322854.68,"mineable,pow,sha-256,medium-of-exchange,store-of-value,state-channel,bitcoin-ecosystem,2017-2018-alt-season"
16086,BitTorrent [New],BTT,bittorrent-new,86,,986061142857000.0,990000000000000.0,2019-01-31T00:00:00.000Z,2025-03-22T17:11:00.000Z,6.918670426695882e-07,11801123.6861382,0.0028273,0.6065495,-0.95186348,-18.81898781,-36.38006735,-38.45113472,682223206.7998669,0.0247,684948372.24,"platform,distributed-computing,filesharing,interoperability,staking,ethereum-ecosystem,tron-ecosystem,storage,binance-launchpad,binance-labs-portfolio,web3,alleged-sec-securities,depin,tron20-ecosystem"
1720,IOTA,IOTA,iota,87,,3688810566.0,3688810566.0,2017-06-13T00:00:00.000Z,2025-03-22T17:11:00.000Z,0.18399836936024158,18560722.97015717,0.77156904,2.53512927,0.12342212,-18.23795918,-44.7195028,-37.45535632,678735129.0228298,0.0246,678735129.02,"dag,medium-of-exchange,iot,sharing-economy,real-world-assets,dwf-labs-portfolio,depin,move-vm,2017-2018-alt-season"
28541,Jito,JTO,jito,88,,307446242.5,999999760.4455783,2023-12-07T16:04:41.000Z,2025-03-22T17:11:00.000Z,2.1517655846228902,26730187.41202509,0.72052546,2.65901993,-2.37942733,-19.22276794,-29.39112884,-28.09200264,661552243.7331234,0.024,2151765069.16,"defi,staking,dao,solana-ecosystem,liquid-staking-derivatives,cmc-crypto-yearbook-2024-2025"
4558,Flow,FLOW,flow,89,,1571065878.3134005,1571065878.3134005,2021-01-27T00:00:00.000Z,2025-03-22T17:11:00.000Z,0.42058681746871535,15557723.74680469,0.35621643,1.51815631,2.09303681,-20.07800631,-41.23096923,-42.02007558,660769597.7935251,0.0239,660769597.79,"platform,collectibles-nfts,staking,coinbase-ventures-portfolio,coinfund-portfolio,dcg-portfolio,ledgerprime-portfolio,a16z-portfolio,animoca-brands-portfolio,layer-1,alleged-sec-securities,flow-ecosystem"
4705,PAX Gold,PAXG,pax-gold,90,,213972.366,213972.366,2019-09-26T00:00:00.000Z,2025-03-22T17:11:00.000Z,3041.743515920887,46380810.25525925,0.00825641,0.10042511,1.78455314,2.86022247,11.15955583,16.05616953,650849056.866751,0.0236,650849056.87,"ethereum-ecosystem,solana-ecosystem,tokenized-gold"
32880,Kaia,KAIA,kaia,91,,5974264321.822331,5974264321.822331,2024-10-29T05:17:50.000Z,2025-03-22T17:11:00.000Z,0.10852787075508798,6739646.89131927,0.08918793,2.0477098,-2.40084516,-16.69120004,-51.22830719,-50.96663148,648374186.1754673,0.0235,648374186.18,"platform,enterprise-solutions,layer-1,klaytn-ecosystem"
8425,JasmyCoin,JASMY,jasmy,92,50000000000.0,49444999677.16958,50000000000.0,2021-02-11T00:00:00.000Z,2025-03-22T17:11:00.000Z,0.012539367658738141,80422721.69632241,0.25929224,-3.40274599,-12.92419984,-41.85494867,-55.4009139,-62.46645988,620009029.8382181,0.0225,626968382.94,"iot,ethereum-ecosystem,dwf-labs-portfolio"
6538,Curve DAO Token,CRV,curve-dao-token,93,3030303030.299,1304934249.0,2240246603.658243,2020-08-14T00:00:00.000Z,2025-03-22T17:11:00.000Z,0.46745163870607515,91038643.8550808,-0.12019803,6.48098809,12.52518071,-9.67217993,-45.19158125,-43.61102529,609993653.0987315,0.0221,1416520117.29,"decentralized-exchange-dex-token,defi,dao,ethereum-ecosystem,yield-farming,amm,governance,framework-ventures-portfolio,alameda-research-portfolio,polygon-ecosystem,fantom-ecosystem,arbitrum-ecosystem,optimism-ecosystem,dwf-labs-portfolio,base-ecosystem,gnosis-chain-ecosystem"
10804,FLOKI,FLOKI,floki-inu,94,,9626161286625.957,9662289736047.209,2021-07-09T00:00:00.000Z,2025-03-22T17:10:00.000Z,6.291906772343135e-05,65486996.98023263,0.45163148,2.33551089,0.67072055,-33.53627931,-57.44508997,-62.92258994,605669093.9098917,0.0219,607942262.27,"gaming,memes,ethereum-ecosystem,metaverse,doggone-doggerel,play-to-earn,bnb-chain-ecosystem,dwf-labs-portfolio,paal-ecosystem,tokenfi-launchpad"
13855,Ethereum Name Service,ENS,ethereum-name-service,95,,35601062.07399768,100000000.0,2021-11-09T01:31:29.000Z,2025-03-22T17:11:00.000Z,16.749145335527842,50317893.45965739,0.12972582,1.73444175,-2.71861002,-37.82048205,-52.14588334,-51.28143226,596287362.7765354,0.0216,1674914533.55,"dao,ethereum-ecosystem,governance,solana-ecosystem,web3"
4846,Kava,KAVA,kava,96,,1082853478.0,1082853478.0,2019-10-25T00:00:00.000Z,2025-03-22T17:11:00.000Z,0.5410915858890313,21997061.98853947,0.61031424,-0.27123319,17.50827262,18.36087352,16.14969536,26.04971302,585922905.6964732,0.0212,585922905.7,"platform,cosmos-ecosystem,defi,binance-launchpad,binance-labs-portfolio,lending-borowing,arrington-xrp-capital-portfolio,framework-ventures-portfolio,hashkey-capital-portfolio,polygon-ecosystem,web3,injective-ecosystem,osmosis-ecosystem,layer-1,dwf-labs-portfolio,made-in-america"
5665,Helium,HNT,helium,97,223000000.0,179760925.5581076,179760925.5581076,2020-06-05T00:00:00.000Z,2025-03-22T17:11:00.000Z,3.2430887245350286,8898282.46296692,-0.33686406,-3.63542224,9.51845342,-8.771339,-25.27741502,-52.27810328,582980630.7894795,0.0211,723208785.57,"mineable,enterprise-solutions,distributed-computing,iot,solana-ecosystem,usv-portfolio,multicoin-capital-portfolio,web3,depin,made-in-america"
1376,Neo,NEO,neo,98,,70538831.0,100000000.0,2016-09-08T00:00:00.000Z,2025-03-22T17:11:00.000Z,8.164404129101753,13899840.06102486,0.36245474,0.78102515,0.45566231,-24.42315737,-44.74612696,-42.49139656,575907523.0784107,0.0209,816440412.91,"platform,enterprise-solutions,smart-contracts,2017-2018-alt-season"
28177,Pyth Network,PYTH,pyth-network,99,10000000000.0,3624987846.874939,9999987846.874939,2023-11-20T09:42:13.000Z,2025-03-22T17:11:00.000Z,0.1567527526378572,25842602.62025649,0.98223101,7.80060369,2.79489787,-34.44924255,-50.01765542,-57.05788872,568226823.276426,0.0206,1567527526.38,"oracles,solana-ecosystem,cross-chain,cmc-crypto-yearbook-2024-2025"
6783,Axie Infinity,AXS,axie-infinity,100,,159692282.71569318,270000000.0,2020-08-31T00:00:00.000Z,2025-03-22T17:11:00.000Z,3.406653247690702,17000948.14855907,0.56904893,2.19476692,4.76575031,-20.50457663,-44.19958765,-43.8372762,544016233.5445579,0.0197,919796376.88,"collectibles-nfts,gaming,ethereum-ecosystem,binance-launchpad,solana-ecosystem,metaverse,defiance-capital-portfolio,play-to-earn,animoca-brands-portfolio,harmony-ecosystem,alleged-sec-securities,ronin-ecosystem"
28752,dogwifhat,WIF,dogwifhat,101,,998840929.575582,998840929.575582,2023-12-19T09:08:50.000Z,2025-03-22T17:11:00.000Z,0.5194269994091283,166113245.48084196,-0.13491107,5.97218524,3.55656273,-14.52975854,-64.38037558,-73.49600838,518824946.936469,0.0188,518824946.94,"memes,solana-ecosystem,doggone-doggerel,cmc-crypto-yearbook-2024-2025"
28324,dYdX,DYDX,dydx-chain,102,,761654735.3291217,773782706.07,2021-08-03T00:00:00.000Z,2025-03-22T17:11:00.000Z,0.6770444202299597,12192264.42215969,-0.77825351,2.68280583,6.25678633,-13.74680768,-42.96829164,-53.25336856,515674088.6963086,0.0187,523885263.62,"decentralized-exchange-dex-token,osmosis-ecosystem,made-in-america"
8526,Raydium,RAY,raydium,103,555000000.0,290847970.959334,554999065.226366,2021-02-19T00:00:00.000Z,2025-03-22T17:11:00.000Z,1.7685727067635275,58634138.21966879,0.29906047,2.71100174,3.35198086,-59.82490306,-75.82519293,-60.04115382,514385783.2562292,0.0186,981557852.25,"decentralized-exchange-dex-token,defi,amm,dex,solana-ecosystem,petrock-capital-portfolio"
1966,Decentraland,MANA,decentraland,104,,1942255184.1130493,2193179327.320146,2017-09-17T00:00:00.000Z,2025-03-22T17:11:00.000Z,0.2645012919204579,52463481.80827744,0.69382762,0.75750765,-2.57056898,-17.15197788,-46.77998175,-44.78372201,513729005.43710834,0.0186,580098765.49,"platform,collectibles-nfts,gaming,payments,ethereum-ecosystem,solana-ecosystem,metaverse,boostvc-portfolio,dcg-portfolio,fabric-ventures-portfolio,kenetic-capital-portfolio,polygon-ecosystem,play-to-earn,alleged-sec-securities,gnosis-chain-ecosystem,fusion-network-ecosystem"
6892,MultiversX,EGLD,multiversx-egld,105,31415926.0,28007860.72681545,28050818.0,2020-09-04T00:00:00.000Z,2025-03-22T17:10:00.000Z,18.31677621750575,15188366.86356862,0.94361701,2.70518121,0.09763217,-18.68259195,-42.88430024,-45.78977688,513013717.26414657,0.0186,575438486.21,"pos,enterprise-solutions,distributed-computing,loyalty,defi,gaming,identity,payments,scaling,smart-contracts,software,binance-launchpad,binance-labs-portfolio,metaverse,electric-capital-portfolio,exnetwork-capital-portfolio,mobile-payment,web3,elrond-ecosystem,injective-ecosystem,layer-1,dwf-labs-portfolio,multiversx-ecosystem,depin"
2563,TrueUSD,TUSD,trueusd,106,,495516083.0,495516083.0,2018-03-06T00:00:00.000Z,2025-03-22T17:11:00.000Z,0.9991359205669473,48484717.12864637,0.00088139,0.02337767,-0.00471125,0.07112807,0.00913528,-0.1400677,495087917.7439329,0.0179,495087917.74,"store-of-value,stablecoin,asset-backed-stablecoin,avalanche-ecosystem,arbitrum-ecosystem,usd-stablecoin,fiat-stablecoin,tron20-ecosystem"
1437,Zcash,ZEC,zcash,107,21000000.0,15886821.0,15905531.0,2016-10-29T00:00:00.000Z,2025-03-22T17:11:00.000Z,30.77165424782159,69011648.66578178,1.18347706,-2.31607322,-3.85732593,-16.51822667,-37.3309403,-46.29798447,488863762.9090313,0.0177,646204739.2,"mineable,pow,equihash,medium-of-exchange,privacy,zero-knowledge-proofs,binance-chain,boostvc-portfolio,dcg-portfolio,electric-capital-portfolio,fenbushi-capital-portfolio,hashkey-capital-portfolio,winklevoss-capital-portfolio,placeholder-ventures-portfolio,pantera-capital-portfolio,standard-crypto-portfolio,2017-2018-alt-season,made-in-america"
14101,Ronin,RON,ronin,108,1000000000.0,619389698.9641546,1000000000.0,2021-11-08T17:57:40.000Z,2025-03-22T17:10:00.000Z,0.7806618376397458,3709819.60282573,0.54161211,2.29666978,-2.70160242,-37.09132863,-56.01412849,-57.9120551,483533900.60848594,0.0175,780661837.64,"platform,gaming,staking,layer-1,ronin-ecosystem"
29420,Virtuals Protocol,VIRTUAL,virtual-protocol,109,1000000000.0,649501196.0173594,1000000000.0,2024-02-15T07:33:29.000Z,2025-03-22T17:10:00.000Z,0.7395334389153108,152384198.7717267,-0.19759992,8.06953416,1.5144392,-27.97515886,-71.33979366,-69.0805282,480327853.07032514,0.0174,739533438.92,"ai-big-data,ethereum-ecosystem,solana-ecosystem,metaverse,generative-ai,base-ecosystem,ai-agents,virtuals-protocol-ecosystem,binance-alpha,ai-agent-launchpad"
5632,Arweave,AR,arweave,110,66000000.0,65652466.0,65652466.0,2020-05-27T00:00:00.000Z,2025-03-22T17:11:00.000Z,7.148521186645055,34977162.94535881,-0.64562016,6.90826606,7.64023437,-29.85595306,-51.59914462,-56.24678887,469318044.1564941,0.017,471802398.32,"distributed-computing,filesharing,storage,coinbase-ventures-portfolio,solana-ecosystem,arrington-xrp-capital-portfolio,blockchain-capital-portfolio,a16z-portfolio,multicoin-capital-portfolio,web3,egirl-capital-portfolio,depin,cmc-crypto-yearbook-2024-2025"
28081,SPX6900,SPX,spx6900,111,1000000000.0,930993090.07,930993090.07,2023-08-17T10:00:00.000Z,2025-03-22T17:10:00.000Z,0.4932383564507165,21954787.81841432,0.00558638,12.04757134,23.63618216,-28.12357876,-65.6273899,-26.86967177,459201501.6131007,0.0166,493238356.45,"memes,ethereum-ecosystem,solana-ecosystem,base-ecosystem"
22691,Starknet,STRK,starknet-token,112,10000000000.0,2743505868.988425,10000000000.0,2024-02-20T12:19:19.000Z,2025-03-22T17:11:00.000Z,0.16697377827566437,22273330.33740592,-0.10866891,2.37001296,-10.22954143,-27.10495257,-56.7802617,-65.260077,458093540.6664571,0.0166,1669737782.76,"zero-knowledge-proofs,dapp,ethereum-ecosystem,layer-2,rollups,starknet-ecosystem"
7334,Conflux,CFX,conflux-network,113,,5023259244.69,5110759264.17,2020-11-11T00:00:00.000Z,2025-03-22T17:11:00.000Z,0.09112201495791022,30632018.68911855,1.31114837,4.67641462,6.97697092,-22.45630989,-41.11506109,-41.30330675,457729504.03210294,0.0166,465702682.12,"mineable,pow,platform,collectibles-nfts,defi,payments,research,smart-contracts,staking,hybrid-pow-dpos,huobi-capital-portfolio,web3,injective-ecosystem,dwf-labs-portfolio"
33597,Fartcoin,FARTCOIN,fartcoin,114,1000000000.0,999998256.0,1000000000.0,2024-10-23T17:42:55.000Z,2025-03-22T17:11:00.000Z,0.4536585224010634,147273543.870822,-1.02095309,22.77945203,36.41520812,34.07764604,-73.86279735,-41.46999167,453657731.22060037,0.0164,453658522.4,"memes,solana-ecosystem,ai-memes,pump-fun-ecosystem,terminal-of-truths,binance-alpha"
23254,Core,CORE,core-dao,115,2100000000.0,997389546.732147,2093769839.0352812,2023-02-08T12:26:11.000Z,2025-03-22T17:11:00.000Z,0.4487959891664401,10382848.23129366,-0.21188099,1.88369052,9.35875391,-12.38626165,-47.03512274,-58.83848857,447624428.20992124,0.0162,942471577.25,
9816,APENFT,NFT,apenft,116,999990000000000.0,999990000000000.0,999990000000000.0,2021-05-14T00:00:00.000Z,2025-03-22T17:11:00.000Z,4.445224514270726e-07,15757193.83334218,-0.35032324,-0.16663881,3.10655031,-1.01942364,-9.45629841,-14.1421524,444518006.20255834,0.0161,444518006.2,"art,collectibles-nfts,ethereum-ecosystem,tron-ecosystem,heco-ecosystem,tron20-ecosystem"
4066,Chiliz,CHZ,chiliz,117,,9481279732.0,9481279732.0,2019-07-01T00:00:00.000Z,2025-03-22T17:11:00.000Z,0.04674490285549264,31650828.18313958,0.66819162,5.06626451,3.06989413,-12.23922363,-40.03218135,-45.16465381,443201500.0180913,0.0161,443201500.02,"sports,collectibles-nfts,content-creation,payments,layer-1,alleged-sec-securities"
4157,THORChain,RUNE,thorchain,118,,351749592.0,425742925.0,2019-07-23T00:00:00.000Z,2025-03-22T17:10:00.000Z,1.249139262646598,107683022.89139448,0.19299453,2.94555104,6.63143177,4.08615942,-62.97962671,-75.07024613,439384225.9871217,0.0159,531812203.41,"cosmos-ecosystem,decentralized-exchange-dex-token,defi,dex,multicoin-capital-portfolio,exnetwork-capital-portfolio,injective-ecosystem"
10791,eCash,XEC,ecash,119,21000000000000.0,19841129672583.0,19841129672583.0,2021-07-08T00:00:00.000Z,2025-03-22T17:11:00.000Z,2.19612895630603e-05,17780900.4965495,0.78516376,1.09745835,2.41763809,-15.46868618,-37.05619778,-38.30024659,435736793.99782306,0.0158,461187080.82,layer-1
9481,Pendle,PENDLE,pendle,120,,161419555.26160845,258446028.24463487,2021-04-29T00:00:00.000Z,2025-03-22T17:11:00.000Z,2.679983404590956,58238651.88776001,0.44900486,7.8337301,23.12052059,-21.5098548,-28.27579353,-46.5505186,432601729.27756333,0.0157,692631066.68,"defi,ethereum-ecosystem,olympus-pro-ecosystem,arbitrum-ecosystem,spartan-group,real-world-assets,restaking,eigenlayer-ecosystem,cmc-crypto-yearbook-2024-2025,btcfi"
28298,Beam,BEAM,onbeam,121,,49466004168.0,62434008330.0,2021-10-29T04:07:32.000Z,2025-03-22T17:11:00.000Z,0.00831639865944321,67897914.3800744,-0.77808682,21.17797604,29.72949462,-13.93367961,-59.07874431,-69.63747834,411379010.7507674,0.0149,519226103.18,"gaming,ethereum-ecosystem,binance-chain,binance-launchpool,governance,play-to-earn,token,gaming-guild,spartan-group,bnb-chain-ecosystem,dwf-labs-portfolio"
29270,Aerodrome Finance,AERO,aerodrome-finance,122,,801609564.9940704,1551378911.4931138,2024-02-02T07:15:19.000Z,2025-03-22T17:11:00.000Z,0.5092631030761778,9200942.63814534,0.29733502,1.49745326,-5.68991767,-34.07992682,-54.32732792,-65.7385516,408230174.5244253,0.0148,790060038.51,"defi,amm,base-ecosystem,binance-alpha,made-in-america"
4195,FTX Token,FTT,ftx-token,123,,328895103.813207,328895103.813207,2019-07-31T00:00:00.000Z,2025-03-22T17:11:00.000Z,1.2348551876243694,26788200.36565954,0.21799324,7.4932932,-6.32160254,-37.18554071,-35.84270837,-58.65216659,406137825.1279941,0.0147,406137825.13,"marketplace,centralized-exchange,derivatives,ethereum-ecosystem,solana-ecosystem,cms-holdings-portfolio,kenetic-capital-portfolio,alameda-research-portfolio,pantera-capital-portfolio,exnetwork-capital-portfolio,ftx-bankruptcy-estate,alleged-sec-securities,celsius-bankruptcy-estate"
18876,ApeCoin,APE,apecoin-ape,124,1000000000.0,752651515.0,1000000000.0,2022-03-17T12:26:36.000Z,2025-03-22T17:11:00.000Z,0.5370675389093045,36367861.08516772,-0.185852,5.17775105,1.60616968,-20.88071022,-46.91361128,-53.44628664,404224696.81740946,0.0146,537067538.91,"collectibles-nfts,content-creation,gaming,entertainment,dao,ethereum-ecosystem,governance,metaverse,animoca-brands-portfolio,ip-memes"
34466,Pudgy Penguins,PENGU,pudgy-penguins,125,,62860396090.04,88888888888.0,2024-12-17T14:00:00.000Z,2025-03-22T17:11:00.000Z,0.006390448457447213,39429945.5188857,0.09644775,2.67900935,-4.80358607,-22.76801559,-72.40600919,-75.74299814,401706121.2281169,0.0146,568039862.88,"collectibles-nfts,memes,solana-ecosystem,animal-memes,ip-memes,made-in-america,binance-hodler-airdrops"
17799,Axelar,AXL,axelar,126,,936340096.1443629,1195299712.845254,2022-02-02T02:48:14.000Z,2025-03-22T17:11:00.000Z,0.4191921285655574,10740658.48528541,0.45235464,4.02893675,2.67651437,-12.90937888,-31.12142447,-43.94701398,392506397.96403414,0.0142,501060230.9,"interoperability,ethereum-ecosystem,coinbase-ventures-portfolio,polychain-capital-portfolio,binance-labs-portfolio,avalanche-ecosystem,galaxy-digital-portfolio,polygon-ecosystem,fantom-ecosystem,arbitrum-ecosystem,bnb-chain-ecosystem,optimism-ecosystem,osmosis-ecosystem,real-world-assets,base-ecosystem,linea-ecosystem,sei-ecosystem,mantle-ecosystem,scroll-ecosystem,made-in-america"
5692,Compound,COMP,compound,127,,8939960.17497395,10000000.0,2020-06-16T00:00:00.000Z,2025-03-22T17:11:00.000Z,43.46925976656255,22729194.98644581,1.6121145,3.57664172,1.36155864,-19.48036983,-45.78959173,-45.58067049,388613451.1486666,0.0141,434692597.67,"defi,dao,ethereum-ecosystem,yield-farming,coinbase-ventures-portfolio,three-arrows-capital-portfolio,polychain-capital-portfolio,avalanche-ecosystem,solana-ecosystem,lending-borowing,dragonfly-capital-portfolio,alameda-research-portfolio,a16z-portfolio,pantera-capital-portfolio,paradigm-portfolio,near-protocol-ecosystem,arbitrum-ecosystem,gnosis-chain-ecosystem,sora-ecosystem,made-in-america"
26997,LayerZero,ZRO,layerzero,128,1000000000.0,110000000.0,1000000000.0,2024-06-20T05:52:25.000Z,2025-03-22T17:11:00.000Z,3.519303194782331,343958422.88623613,1.61797761,10.22024153,52.85062455,17.53901444,-15.47168112,-34.3842389,387123351.4260564,0.014,3519303194.78,"interoperability,ethereum-ecosystem,coinbase-ventures-portfolio,binance-labs-portfolio,avalanche-ecosystem,a16z-portfolio,multicoin-capital-portfolio,polygon-ecosystem,arbitrum-ecosystem,cross-chain,optimism-ecosystem,sino-global-capital,base-ecosystem"
35347,Official Melania Meme,MELANIA,melania-meme,129,,537313314.362145,999999111.278682,2025-01-19T23:21:51.000Z,2025-03-22T17:11:00.000Z,0.7099175749603337,13748603.47569249,0.17409784,0.02645537,1.93419865,-42.35599787,-81.84288328,-90.31233055,381448165.1258734,0.0138,709916944.04,"memes,solana-ecosystem,celebrity-memes,made-in-america"
5964,Trust Wallet Token,TWT,trust-wallet-token,130,,416649900.0,999668148.0,2020-07-30T00:00:00.000Z,2025-03-22T17:11:00.000Z,0.9031581245962651,10210276.84615675,0.30230511,1.667461,2.89110444,-12.71965979,-17.47613651,-24.32545655,376300742.2972214,0.0136,902858409.77,"wallet,solana-ecosystem,polygon-ecosystem,bnb-chain-ecosystem"
8602,Bounce Token,AUCTION,bounce-token,131,10000000.0,6590139.0,7640766.0,2021-02-26T00:00:00.000Z,2025-03-22T17:11:00.000Z,56.97864771319294,1408245809.5827293,-1.07425283,13.68316599,118.66118844,336.87369067,321.30148286,209.3911316,375497208.4619736,0.0136,569786477.13,"defi,ethereum-ecosystem,bounce-launchpad,bnb-chain-ecosystem,dwf-labs-portfolio"
18679,Onyxcoin,XCN,onyxcoin,132,48402437326.0,32592684478.0,48402437326.0,2022-03-09T16:10:43.000Z,2025-03-22T17:11:00.000Z,0.011282486076493237,22363712.9987161,0.15843259,-1.84433358,-15.17176704,-42.23988305,-6.83449388,412.01472015,367726508.8185722,0.0133,546099825.2,"ethereum-ecosystem,base-ecosystem,made-in-america"
4172,Terra Classic,LUNC,terra-luna,133,,5445975525698.108,6501141616082.583,2019-07-26T00:00:00.000Z,2025-03-22T17:11:00.000Z,6.502087484448754e-05,10360653.57029983,-0.24972187,1.32468355,1.10812682,-13.35025248,-27.06216153,-40.42137982,354102093.06255895,0.0128,422709915.37,"cosmos-ecosystem,store-of-value,defi,payments,ethereum-ecosystem,coinbase-ventures-portfolio,binance-labs-portfolio,avalanche-ecosystem,solana-ecosystem,arrington-xrp-capital-portfolio,hashkey-capital-portfolio,kenetic-capital-portfolio,huobi-capital-portfolio,pantera-capital-portfolio,polygon-ecosystem,terra-ecosystem,injective-ecosystem,osmosis-ecosystem,alleged-sec-securities,secret-ecosystem"
3964,Reserve Rights,RSR,reserve-rights,134,100000000000.0,55899740295.0,100000000000.0,2019-05-24T00:00:00.000Z,2025-03-22T17:11:00.000Z,0.0063071383468552775,79149019.8786285,0.47950719,3.17801617,7.29146313,-27.01506581,-52.81097603,-42.85055173,352567395.59384567,0.0128,630713834.69,"store-of-value,defi,ethereum-ecosystem,coinbase-ventures-portfolio,dcg-portfolio,real-world-assets,base-ecosystem,made-in-america"
6945,Amp,AMP,amp,135,,84231565354.4628,99669430156.6247,2020-09-08T00:00:00.000Z,2025-03-22T17:11:00.000Z,0.004105490838494636,18970317.28158425,-0.21784081,-0.35145935,-2.9135369,-22.38293123,-46.09035225,-47.62725743,345811919.87480927,0.0125,409191932.39,"ethereum-ecosystem,alleged-sec-securities,made-in-america"
1659,Gnosis,GNO,gnosis-gno,136,,2588194.7851299,2999934.74597423,2017-05-01T00:00:00.000Z,2025-03-22T17:11:00.000Z,128.72868437954253,3805345.41473686,0.09672768,2.87456,1.35988785,-28.02606218,-45.27604726,-50.9895963,333174909.6077648,0.0121,386177653.07,"services,decentralized-exchange-dex-token,defi,prediction-markets,kenetic-capital-portfolio,arbitrum-ecosystem,layer-1,gnosis-chain-ecosystem"
7431,Akash Network,AKT,akash-network,137,388539008.0,248285794.661141,248285800.802151,2020-10-16T00:00:00.000Z,2025-03-22T17:11:00.000Z,1.3262677212698653,13728876.67544926,1.3947448,11.85939878,-2.57123474,-28.26244598,-53.86187643,-57.95710697,329293435.1089092,0.0119,515306744.76,"cosmos-ecosystem,ai-big-data,distributed-computing,web3,injective-ecosystem,osmosis-ecosystem,generative-ai,depin,made-in-america"
8646,Mina,MINA,mina,138,,1221367138.8400393,1221367138.8400393,2021-03-02T00:00:00.000Z,2025-03-22T17:11:00.000Z,0.26926507189288307,14464693.88407498,0.94538085,3.93470288,1.33106785,-22.99468892,-47.99793525,-55.45465177,328871510.4473681,0.0119,328871510.45,"pos,zero-knowledge-proofs,staking,coinbase-ventures-portfolio,three-arrows-capital-portfolio,polychain-capital-portfolio"
29743,Brett (Based),BRETT,based-brett,139,10000000000.0,9910236395.0,9910236395.0,2024-03-11T07:58:23.000Z,2025-03-22T17:11:00.000Z,0.03308011266271061,19013912.38638025,0.04436053,3.49417949,-0.76700226,-29.4439177,-64.69220023,-74.409601,327831736.460695,0.0119,330801126.63,"memes,base-ecosystem"
32956,Grass,GRASS,grass,140,,243905091.0,1000000000.0,2024-10-28T05:31:00.000Z,2025-03-22T17:11:00.000Z,1.3259059960146442,34277528.62856128,1.34798075,6.43692526,-10.42017675,-29.61417642,-26.9564086,-48.95612045,323395222.61539745,0.0117,1325905996.01,"ai-big-data,solana-ecosystem,depin"
34104,Morpho,MORPHO,morpho,141,1000000000.0,236230122.18968186,1000000000.0,2024-11-21T10:30:00.000Z,2025-03-22T17:11:00.000Z,1.362740657046829,8553397.45353862,0.39754999,2.37268008,2.73759015,-39.67770557,-58.01040723,-38.74194838,321920391.9270198,0.0117,1362740657.05,"defi,ethereum-ecosystem,coinbase-ventures-portfolio,lending-borowing,fenbushi-capital-portfolio,pantera-capital-portfolio,base-ecosystem,binance-alpha"
33280,Cheems (cheems.pet),CHEEMS,cheems-pet,142,203672960023058.0,187495034775398.0,203672952644644.2,2024-10-03T03:58:19.000Z,2025-03-22T17:11:00.000Z,1.671074393654101e-06,24505334.76317497,14.33750937,11.1124151,68.49861433,90.34887836,111.35910499,63.15075584,313318151.55045277,0.0114,340352668.17,"memes,doggone-doggerel,bnb-chain-ecosystem,binance-alpha"
35763,KAITO,KAITO,kaito,143,1000000000.0,241388889.0,1000000000.0,2025-02-14T13:09:33.000Z,2025-03-22T17:10:00.000Z,1.3234200249359838,83365657.07307751,0.84200187,-0.56843607,-8.86348399,34.6459932,13.30721396,13.30721396,319458889.4996494,0.0116,1323420024.94,"communications-social-media,ai-big-data,social-token,governance,dragonfly-capital-portfolio,hashkey-capital-portfolio,spartan-group,base-ecosystem,binance-hodler-airdrops"
9104,AIOZ Network,AIOZ,aioz-network,144,,1164617054.737497,1164617054.737497,2021-04-02T00:00:00.000Z,2025-03-22T17:11:00.000Z,0.2732812324248407,9297265.49867593,0.67273979,1.37208146,0.70233563,-40.40260502,-68.50079618,-70.98261226,318267984.0216514,0.0115,318267984.02,"media,platform,ai-big-data,distributed-computing,smart-contracts,video,storage,web3,generative-ai,layer-1,dwf-labs-portfolio,depin"
5488,JUST,JST,just,145,,9900000000.0,9900000000.0,2020-05-07T00:00:00.000Z,2025-03-22T17:11:00.000Z,0.031256473314280074,25243697.04727772,0.17799822,0.63539269,3.56188571,-8.10045297,-17.73483401,-18.89123226,309439085.81137276,0.0112,309439085.81,"defi,tron-ecosystem,tron20-ecosystem"
2586,Synthetix,SNX,synthetix,146,,339466216.9903987,339889850.0887736,2018-03-14T00:00:00.000Z,2025-03-22T17:11:00.000Z,0.8583438850961097,16122016.36042797,0.13792658,2.70895781,1.31243962,-11.2316248,-49.79331708,-57.19097913,291378751.55041784,0.0106,291742374.43,"services,decentralized-exchange-dex-token,defi,derivatives,dao,ethereum-ecosystem,yield-farming,coinbase-ventures-portfolio,three-arrows-capital-portfolio,governance,heco-ecosystem,avalanche-ecosystem,solana-ecosystem,synthetics,defiance-capital-portfolio,framework-ventures-portfolio,alameda-research-portfolio,parafi-capital,paradigm-portfolio,polygon-ecosystem,fantom-ecosystem,near-protocol-ecosystem,spartan-group,optimism-ecosystem,real-world-assets,dwf-labs-portfolio,celsius-bankruptcy-estate"
8104,1inch Network,1INCH,1inch,147,,1377488736.3652096,1500000000.0,2020-12-25T00:00:00.000Z,2025-03-22T17:11:00.000Z,0.209795175505519,14826643.845877,0.7909966,2.35576759,4.00494376,-21.04045644,-39.82612046,-45.04673218,288990491.2026147,0.0105,314692763.26,"decentralized-exchange-dex-token,defi,wallet,ethereum-ecosystem,amm,binance-labs-portfolio,avalanche-ecosystem,solana-ecosystem,blockchain-capital-portfolio,dragonfly-capital-portfolio,fabric-ventures-portfolio,alameda-research-portfolio,parafi-capital,near-protocol-ecosystem,spartan-group,bnb-chain-ecosystem,celsius-bankruptcy-estate,gnosis-chain-ecosystem"
1455,Golem,GLM,golem-network-tokens,148,1000000000.0,1000000000.0,1000000000.0,2016-11-18T00:00:00.000Z,2025-03-22T17:11:00.000Z,0.2882052846437635,14247279.79086287,1.48702662,4.51141385,-2.10268648,-11.3512596,-18.28524948,-18.7131919,288205284.6437635,0.0104,288205284.64,"platform,ai-big-data,distributed-computing,payments,ethereum-ecosystem,polygon-ecosystem,web3,depin"
131,Dash,DASH,dash,149,18900000.0,12186933.40178322,12186933.40178322,2014-02-14T00:00:00.000Z,2025-03-22T17:11:00.000Z,23.32828404266105,33451999.86163881,0.41467673,0.56508146,0.84567752,-12.99609475,-37.39265972,-35.29027474,284300244.00579244,0.0103,440904568.41,"mineable,hybrid-pow-pos,x11,medium-of-exchange,privacy,masternodes,dao,governance,alleged-sec-securities,2017-2018-alt-season,made-in-america"
30494,EigenLayer,EIGEN,eigenlayer,150,,234977760.92,1714844124.7347438,2024-07-04T15:49:12.000Z,2025-03-22T17:11:00.000Z,1.2040660766930202,31205075.35377324,0.47180348,6.4377997,2.90137747,-37.73827045,-55.93013296,-67.1479246,282928750.7010549,0.0103,2064785637.41,"ethereum-ecosystem,restaking,cmc-crypto-yearbook-2024-2025,made-in-america"
4041,MX Token,MX,mx-token,151,1000000000.0,94954334.0,418391834.0,2019-09-24T00:00:00.000Z,2025-03-22T17:11:00.000Z,2.9625838346071083,8154772.66663282,0.27983343,1.17955158,7.7504505,-13.073325,-20.10057563,-13.46917686,281310174.9342841,0.0102,2962583834.61,"marketplace,centralized-exchange,discount-token,ethereum-ecosystem"
5034,Kusama,KSM,kusama,152,,16265308.56478455,16265308.56478455,2019-12-12T00:00:00.000Z,2025-03-22T17:11:00.000Z,17.268247077639717,7099378.91455077,0.67047381,1.08174719,2.77969059,-13.44027399,-38.94645673,-44.2395088,280873367.0907491,0.0102,280873367.09,"substrate,polkadot-ecosystem,cms-holdings-portfolio,kenetic-capital-portfolio,1confirmation-portfolio,vbc-ventures-portfolio,made-in-america"
24091,ZKsync,ZK,zksync,153,21000000000.0,3675000000.0,21000000000.0,2024-06-16T23:10:00.000Z,2025-03-22T17:11:00.000Z,0.07539055604067528,36734776.77017538,0.68189407,5.89569296,3.7239632,-30.31837184,-51.60182871,-56.23364167,277060293.44948167,0.01,1583201676.85,"zero-knowledge-proofs,layer-2,blockchain-capital-portfolio,okx-ventures-portfolio,zksync-era-ecosystem,modular-blockchain,egirl-capital-portfolio"
5198,Creditcoin,CTC,creditcoin,154,600000000.0,434416053.0,549564264.0,2020-01-31T00:00:00.000Z,2025-03-22T17:11:00.000Z,0.6372255281342544,15456764.49310699,0.51901317,1.12676258,3.36274954,-17.83148648,-38.48553952,-52.79492936,276820998.80292326,0.01,382335316.88,"ethereum-ecosystem,real-world-assets"
8119,SafePal,SFP,safepal,155,500000000.0,500000000.0,500000000.0,2020-12-28T00:00:00.000Z,2025-03-22T17:11:00.000Z,0.543828321536203,6977391.23652345,0.28212979,2.11146997,-0.68635472,-15.0012455,-22.18073321,-20.70376345,271914160.7681015,0.0099,271914160.77,"wallet,ethereum-ecosystem,binance-launchpad,injective-ecosystem,bnb-chain-ecosystem"
30083,Aethir,ATH,aethir,156,42000000000.0,7899322677.0,42000000000.0,2024-06-12T13:27:01.000Z,2025-03-22T17:11:00.000Z,0.033880329657900325,15083030.1390486,1.24252145,4.78240388,-9.5076327,-6.80367584,-43.53181529,-50.16441968,267631656.3708877,0.0097,1422973845.63,"ai-big-data,distributed-computing,ethereum-ecosystem,solana-ecosystem,arbitrum-ecosystem,depin,cmc-crypto-yearbook-2024-2025"
28850,Notcoin,NOT,notcoin,157,102456957533.56,102456957533.56,102456957533.56,2024-05-09T15:38:45.000Z,2025-03-22T17:11:00.000Z,0.0025868613526506034,70480377.02763975,1.07184854,5.88244361,1.08132601,-10.75477467,-50.93345181,-59.31097824,265041943.75373045,0.0096,265041943.75,"gaming,memes,binance-launchpool,play-to-earn,web3,telegram-bot,toncoin-ecosystem,tap-to-earn,cmc-crypto-yearbook-2024-2025"
3822,Theta Fuel,TFUEL,theta-fuel,158,,6882234049.0,6882234049.0,2019-03-28T00:00:00.000Z,2025-03-22T17:11:00.000Z,0.03849444961515801,2337902.35651078,-0.29739809,0.7346415,-0.01223821,-21.19024472,-40.42630364,-41.56501535,264927811.8389554,0.0096,264927811.84,"media,vr-ar,distributed-computing,content-creation,defi,entertainment,payments,sharing-economy,smart-contracts,depin,made-in-america"
29587,Wormhole,W,wormhole,159,10000000000.0,2915802053.0,10000000000.0,2024-03-29T04:25:44.000Z,2025-03-22T17:11:00.000Z,0.0906130964287517,72911485.5000522,-1.05830353,10.74291789,-1.35465686,-46.27787414,-61.18804759,-65.48166008,264209852.5956412,0.0096,906130964.29,"collectibles-nfts,defi,interoperability,dao,ethereum-ecosystem,coinbase-ventures-portfolio,governance,solana-ecosystem,arrington-xrp-capital-portfolio,multicoin-capital-portfolio,web3,arbitrum-ecosystem,cross-chain,optimism-ecosystem,jump-crypto,base-ecosystem,cmc-crypto-yearbook-2024-2025"
28194,SATS (Ordinals),SATS,sats-ordinals,160,2100000000000000.0,2100000000000000.0,2100000000000000.0,2023-09-29T05:13:12.000Z,2025-03-22T17:11:00.000Z,1.248729956523043e-07,21262607.19908577,0.07037417,0.4019084,1.99955914,0.91595757,2.70455176,-29.48060003,262233290.86983904,0.0095,262233290.87,"bitcoin-ecosystem,brc-20,inscriptions,ordinals-brc20-ecosystem"
21846,SPACE ID,ID,space-id,161,2000000000.0,963265931.1744398,1995265932.1744397,2022-09-16T05:55:56.000Z,2025-03-22T17:11:00.000Z,0.263961084483169,16612098.03629845,2.02614032,4.54135318,14.66523012,-14.97926749,-34.55992231,-41.62150025,254264719.83849478,0.0092,527922168.97,"ethereum-ecosystem,binance-launchpad,mvb,bnb-chain-ecosystem,dwf-labs-portfolio"
12885,Astar,ASTR,astar,162,,7621136361.0,8378869786.0,2021-10-19T09:53:03.000Z,2025-03-22T17:11:00.000Z,0.03281694800060965,9834884.39102304,0.45505518,4.34065629,2.97398754,-19.86100511,-40.486653,-45.89563952,250102435.66449246,0.0091,274968934.07,"smart-contracts,dapp,polkadot,rollups,okx-ventures-portfolio,layer-1"
34619,Vana,VANA,vana,163,120000000.0,30084000.0,112641600.0,2024-12-13T12:20:10.000Z,2025-03-22T17:11:00.000Z,8.237868264399276,304119554.6920708,2.33953631,19.00337951,42.3828094,43.96961871,-18.40273324,-54.14285202,247828028.86618784,0.009,988544191.73,"platform,ai-big-data,coinbase-ventures-portfolio,polychain-capital-portfolio,paradigm-portfolio,layer-1"
6958,Alchemy Pay,ACH,alchemy-pay,164,10000000000.0,8828530656.78816,9999999999.999989,2020-09-09T00:00:00.000Z,2025-03-22T17:11:00.000Z,0.028061193191629464,122822887.01480713,2.90407768,3.93786991,22.16937136,-22.58534328,31.85051849,20.46714875,247739104.3583559,0.009,280611931.92,"ethereum-ecosystem,bnb-chain-ecosystem,dwf-labs-portfolio"
2469,Zilliqa,ZIL,zilliqa,165,21000000000.0,19681562363.408493,20364517789.118492,2018-01-25T00:00:00.000Z,2025-03-22T17:11:00.000Z,0.012582565263646883,9028961.30970684,0.60504035,0.777106,1.65233932,-14.10519795,-38.582609,-40.3146254,247644542.92812353,0.009,264233870.54,"mineable,platform,payments,smart-contracts,ethereum-ecosystem,polychain-capital-portfolio,metaverse,kenetic-capital-portfolio,zilliqa-ecosystem"
23121,Blur,BLUR,blur-token,166,,2257176198.772831,3000000000.0,2023-02-13T15:07:24.000Z,2025-03-22T17:11:00.000Z,0.10955964774993412,23336872.76824506,1.02534213,3.78247628,1.81196772,-20.90925484,-46.2555682,-57.69419335,247295429.24708664,0.009,328678943.25,"collectibles-nfts,ethereum-ecosystem,egirl-capital-portfolio,made-in-america"
35429,Solayer,LAYER,solayer,167,,210000000.0,1000000000.0,2025-01-23T10:38:59.000Z,2025-03-22T17:11:00.000Z,1.172629214616445,273186050.43015134,1.11153932,0.26468596,1.53271122,73.93969527,-9.13562972,-9.13562972,246252135.06945345,0.0089,1172629214.62,"defi,polychain-capital-portfolio,binance-labs-portfolio,solana-ecosystem,restaking,binance-hodler-airdrops"
8290,SuperVerse,SUPER,superverse,168,,533826887.41691726,999998077.4169173,2021-01-20T00:00:00.000Z,2025-03-22T17:11:00.000Z,0.46052358697402995,8786367.48254975,1.56854493,5.89179338,0.04713453,-31.99528305,-58.37995518,-69.44943769,245839873.0164204,0.0089,460522701.58,"collectibles-nfts,gaming,ethereum-ecosystem,launchpad,polkastarter,exnetwork-capital-portfolio,superstarter,polygon-ecosystem,animoca-brands-portfolio,injective-ecosystem,made-in-america"
33391,DeepBook Protocol,DEEP,deepbook-protocol,169,10000000000.0,2965000000.0,10000000000.0,2024-10-10T05:43:32.000Z,2025-03-22T17:10:00.000Z,0.08279815029772393,11684354.93141408,0.94670033,7.48465025,-16.90517743,-51.38269648,-73.81532782,-23.7405397,245496515.63275146,0.0089,827981502.98,"decentralized-exchange-dex-token,defi,sui-ecosystem"
4948,Nervos Network,CKB,nervos-network,170,,46172514004.90743,46902374294.00983,2019-11-19T00:00:00.000Z,2025-03-22T17:11:00.000Z,0.00525356480899559,15379900.71595223,0.88005812,5.64443203,6.01849887,-18.51885312,-46.14113387,-50.86916981,242570294.7190377,0.0088,246404663.05,"mineable,pow,platform,collectibles-nfts,defi,interoperability,quantum-resistant,research,scaling,smart-contracts,dao,polychain-capital-portfolio,rollups,blockchain-capital-portfolio,cms-holdings-portfolio,dragonfly-capital-portfolio,electric-capital-portfolio,hashkey-capital-portfolio,huobi-capital-portfolio,1confirmation-portfolio,multicoin-capital-portfolio,web3"
21585,Safe,SAFE,safe1,171,1000000000.0,527419089.0,1000000000.0,2024-04-22T21:43:00.000Z,2025-03-22T17:11:00.000Z,0.4441522616618429,15381597.71220433,0.70479193,6.65453212,4.91460326,-22.50658371,-46.46943402,-58.62956768,234254381.2229788,0.0085,444152261.66,"staking,wallet,ethereum-ecosystem,account-abstraction"
29779,Polyhedra Network,ZKJ,polyhedra-network,172,1000000000.0,112502998.79,1000000000.0,2024-03-19T09:05:12.000Z,2025-03-22T17:11:00.000Z,2.0599601430632157,2585961.75495454,-0.00476905,-0.13450427,0.87370762,-0.48451563,7.13118072,5.10093517,231751693.4824892,0.0084,2059960143.06,"interoperability,ethereum-ecosystem,polychain-capital-portfolio,binance-labs-portfolio,hashkey-capital-portfolio,animoca-brands-portfolio,okx-ventures-portfolio,bnb-chain-ecosystem,real-world-assets"
7653,Oasis,ROSE,oasis-network,173,,7064132681.0,10000000000.0,2020-11-12T00:00:00.000Z,2025-03-22T17:11:00.000Z,0.03254164446584554,10030551.58489284,0.75680217,1.97000143,0.86472092,-24.28513333,-52.7196586,-59.45132125,229878494.16466224,0.0083,325416444.66,"cosmos-ecosystem,ai-big-data,privacy,scaling,smart-contracts,polychain-capital-portfolio,binance-labs-portfolio,avalanche-ecosystem,arrington-xrp-capital-portfolio,blockchain-capital-portfolio,dragonfly-capital-portfolio,electric-capital-portfolio,kenetic-capital-portfolio,huobi-capital-portfolio,a16z-portfolio,winklevoss-capital-portfolio,pantera-capital-portfolio,injective-ecosystem,oasis-ecosystem,layer-1"
1684,Qtum,QTUM,qtum,174,107822406.0,105571281.0,107822406.0,2017-05-24T00:00:00.000Z,2025-03-22T17:11:00.000Z,2.155105983333723,38400067.02500129,0.14331433,-0.09736015,-1.65136928,-33.60318711,-30.37904304,-30.29065885,227517299.3513058,0.0082,232368712.31,"platform,smart-contracts,kenetic-capital-portfolio,bitcoin-ecosystem"
7548,WEMIX,WEMIX,wemix,175,590000000.0,418688768.1551715,538282592.4026076,2020-10-29T00:00:00.000Z,2025-03-22T17:11:00.000Z,0.5421950582669732,1529555.74254822,-0.02139123,1.40482364,-11.63049329,-28.39749518,-30.85311503,-37.06895793,227010981.04562047,0.0082,319895084.38,"platform,collectibles-nfts,gaming,metaverse,play-to-earn"
21259,ZetaChain,ZETA,zetachain,176,2100000000.0,731645833.0,2100000000.0,2022-08-05T02:45:23.000Z,2025-03-22T17:11:00.000Z,0.30947641234811885,246927755.1339021,5.04262003,46.27144522,40.59271137,-0.46984808,-35.15477417,-46.61207911,226427127.5062909,0.0082,649900465.93,"interoperability,smart-contracts,cross-chain,bitcoin-ecosystem,layer-1,made-in-america"
1697,Basic Attention Token,BAT,basic-attention-token,177,,1495668356.9526057,1500000000.0,2017-06-01T00:00:00.000Z,2025-03-22T17:10:00.000Z,0.15105485810644484,11669221.82629956,0.47118632,1.17466755,0.58233958,-18.24899449,-36.97069412,-29.61810877,225927971.43377534,0.0082,226582287.16,"marketing,ai-big-data,content-creation,defi,interoperability,payments,smart-contracts,staking,ethereum-ecosystem,governance,avalanche-ecosystem,solana-ecosystem,dcg-portfolio,1confirmation-portfolio,pantera-capital-portfolio,web3,near-protocol-ecosystem,gnosis-chain-ecosystem,made-in-america"
1896,0x Protocol,ZRX,0x,178,1000000000.0,848396562.8973439,1000000000.0,2017-08-16T00:00:00.000Z,2025-03-22T17:11:00.000Z,0.26509068137988784,29487342.27480497,0.41284291,2.81970456,3.63903166,-17.70259234,-44.05988771,-42.25779778,224902022.93881175,0.0082,265090681.38,"platform,decentralized-exchange-dex-token,defi,scaling,dao,ethereum-ecosystem,substrate,polkadot,polychain-capital-portfolio,governance,blockchain-capital-portfolio,boostvc-portfolio,fabric-ventures-portfolio,kenetic-capital-portfolio,placeholder-ventures-portfolio,pantera-capital-portfolio,celsius-bankruptcy-estate,made-in-america"
10407,Baby Doge Coin,BabyDoge,baby-doge-coin,179,,1.637122719931946e+17,2.0263767619484576e+17,2021-06-11T00:00:00.000Z,2025-03-22T17:11:00.000Z,1.359411084300385e-09,19477362.68387773,0.75583544,2.85018854,7.68183594,-17.15284925,-39.36303167,-61.13894557,222552277.1835482,0.0081,275467903.12,"marketing,art,marketplace,media,philanthropy,services,collectibles-nfts,loyalty,content-creation,decentralized-exchange-dex-token,defi,gaming,entertainment,memes,payments,ethereum-ecosystem,binance-smart-chain,launchpad,solana-ecosystem,doggone-doggerel,web3,cross-chain,bnb-chain-ecosystem,generative-ai,toncoin-ecosystem,tap-to-earn"
3640,Livepeer,LPT,livepeer,180,,39042111.22225124,39042111.22225124,2018-12-19T00:00:00.000Z,2025-03-22T17:11:00.000Z,5.649447046470759,16462299.00536162,1.87235823,5.03729245,2.48808509,-22.14043248,-54.22096394,-64.78924611,220566339.93253013,0.008,220566339.93,"media,ai-big-data,distributed-computing,video,ethereum-ecosystem,coinfund-portfolio,dcg-portfolio,pantera-capital-portfolio,multicoin-capital-portfolio,web3,arbitrum-ecosystem,harmony-ecosystem,generative-ai,depin"
8536,Mask Network,MASK,mask-network,181,100000000.0,100000000.0,100000000.0,2021-02-21T00:00:00.000Z,2025-03-22T17:11:00.000Z,2.174904199878825,27479139.83368417,0.07738455,-0.38901435,-0.15129152,-0.51722849,-12.73528227,-28.65594979,217490419.98788252,0.0079,217490419.99,"communications-social-media,collectibles-nfts,content-creation,ethereum-ecosystem,metaverse,polygon-ecosystem,web3,animoca-brands-portfolio,injective-ecosystem,bnb-chain-ecosystem,dwf-labs-portfolio"
3012,VeThor Token,VTHO,vethor-token,182,,87538763690.0,87538763690.0,2018-07-30T00:00:00.000Z,2025-03-22T17:11:00.000Z,0.002455051172287504,4424228.87374227,0.12333091,0.382187,-1.93980204,-28.24198753,-48.38352413,-9.46430032,214912144.41773328,0.0078,214912144.42,vechain-ecosystem
34026,ai16z,AI16Z,ai16z,183,1099999958.01,1099998788.076456,1099998788.076456,2024-11-17T23:08:14.000Z,2025-03-22T17:11:00.000Z,0.19524275505079267,32648850.05706796,0.17441769,5.01941712,0.15969384,-41.05329198,-79.61590898,-69.63197294,214766793.9365803,0.0078,214767022.36,"memes,solana-ecosystem,ai-memes,ai-agents,binance-alpha,made-in-america"
12220,Osmosis,OSMO,osmosis,184,1000000000.0,717241579.950837,997433664.968917,2021-09-30T16:58:27.000Z,2025-03-22T17:11:00.000Z,0.29618608207173575,5970805.11962564,0.73462125,3.15748412,-1.87233873,-12.58209856,-29.64791527,-32.64795371,212436973.46458003,0.0077,296186082.07,"cosmos-ecosystem,injective-ecosystem,osmosis-ecosystem,modular-blockchain"
25028,ORDI,ORDI,ordi,185,21000000.0,21000000.0,21000000.0,2023-05-08T05:51:24.000Z,2025-03-22T17:11:00.000Z,10.086927535144783,53315051.83625253,-0.19093996,4.07058603,9.0643959,-18.08974773,-49.87789188,-62.41459752,211825478.23804045,0.0077,211825478.24,"bitcoin-ecosystem,brc-20,inscriptions,ordinals-brc20-ecosystem,cmc-crypto-yearbook-2024-2025"
5567,Celo,CELO,celo,186,1000000000.0,565268025.0,1000000000.0,2020-05-22T00:00:00.000Z,2025-03-22T17:11:00.000Z,0.3739661417612665,9871057.12659661,0.41819461,3.91435298,8.74689258,-14.02843287,-37.73875442,-43.34801894,211391102.37026116,0.0077,373966141.76,"pos,zero-knowledge-proofs,mobile,payments,smart-contracts,coinbase-ventures-portfolio,polychain-capital-portfolio,dragonfly-capital-portfolio,electric-capital-portfolio,a16z-portfolio,near-protocol-ecosystem,celo-ecosystem,dwf-labs-portfolio,made-in-america"
9903,Convex Finance,CVX,convex-finance,187,,98909080.03910793,99857621.86136965,2021-05-18T00:00:00.000Z,2025-03-22T17:11:00.000Z,2.0593565539613388,13934745.44648161,0.08562475,2.4149017,4.42098424,-12.81112747,-45.64199845,-47.37295068,203689062.22482356,0.0074,205642448.04,"defi,ethereum-ecosystem,yield-aggregator,solana-ecosystem"
31526,Moca Network,MOCA,mocaverse,188,8888888888.0,1914588399.72,8888888888.0,2024-07-04T07:14:36.000Z,2025-03-22T17:11:00.000Z,0.10628056507752141,55322341.76107288,1.0695085,10.67714087,9.21978738,-17.14968148,-39.70826353,-60.8068038,203483537.01310906,0.0074,944716133.93,"collectibles-nfts,ethereum-ecosystem,metaverse"
28782,Popcat (SOL),POPCAT,popcat-sol,189,979973220.96,979973184.6,979973220.96,2023-12-20T18:16:41.000Z,2025-03-22T17:11:00.000Z,0.20759651269362236,52067028.34420869,-0.40451485,10.50559583,6.28099371,-12.14184611,-55.55214896,-73.46700389,203439015.65622345,0.0074,203439023.2,"memes,solana-ecosystem,cat-themed,animal-memes,cmc-crypto-yearbook-2024-2025,moonshot"
1168,Decred,DCR,decred,190,21000000.0,16694376.941105,16694376.941105,2016-02-10T00:00:00.000Z,2025-03-22T17:11:00.000Z,12.096567149377442,1954327.41994598,0.35501401,2.63696542,3.98809198,-10.16162708,-7.69729161,-26.26712388,201944651.685095,0.0073,254027910.14,"mineable,hybrid-pow-pos,medium-of-exchange,store-of-value,dao,placeholder-ventures-portfolio"
2467,OriginTrail,TRAC,origintrail,191,,499295031.602,500000000.0,2018-01-25T00:00:00.000Z,2025-03-22T17:11:00.000Z,0.3940551437791324,1781142.29612533,-0.24036437,0.94714163,-8.57144565,-19.16953715,-39.8139912,-48.41342251,196749775.46613258,0.0071,197027571.89,"marketplace,logistics,ai-big-data,enterprise-solutions,distributed-computing,data-provenance,privacy,interoperability,smart-contracts,polygon-ecosystem,web3,open-source,desci,generative-ai,real-world-assets,layer-1,depin,ai-agents,gnosis-chain-ecosystem"
2682,Holo,HOT,holo,192,,174973824809.00558,177619433541.14133,2018-04-29T00:00:00.000Z,2025-03-22T17:11:00.000Z,0.0011205427103057497,8384936.52492402,0.83086749,1.40621634,-2.70130013,-30.08725275,-52.90384726,-52.34460602,196065643.88404655,0.0071,199030161.46,"platform,distributed-computing,filesharing,ethereum-ecosystem,storage,depin,gnosis-chain-ecosystem"
30933,Dog (Bitcoin),DOG,dog-go-to-the-moon-rune,193,100000000000.0,100000000000.0,100000000000.0,2024-04-26T04:38:28.000Z,2025-03-22T17:11:00.000Z,0.0019583105663404953,4586605.79132638,-0.30851542,0.81665543,-1.0839714,-29.46397428,-59.67288657,-71.97361313,195831056.63404953,0.0071,195831056.63,"memes,solana-ecosystem,doggone-doggerel,bitcoin-ecosystem,runes,runes-ecosystem"
1785,Gas,GAS,gas,194,,64992331.0,64992331.0,2017-07-06T00:00:00.000Z,2025-03-22T17:11:00.000Z,2.9861120074961023,3882066.94246267,0.17110153,2.32297915,1.2373192,-25.03643617,-38.6462095,-33.65336842,194074379.99426118,0.007,194074379.99,"medium-of-exchange,payments,smart-contracts,neo-ecosystem"
1042,Siacoin,SC,siacoin,195,,56025636522.075195,59908095676.30304,2015-08-26T00:00:00.000Z,2025-03-22T17:11:00.000Z,0.0034577900903167047,18476430.01421019,0.20060367,2.01425216,5.27935416,-15.35486594,-36.44763837,-38.08621142,193724890.76971725,0.007,207149619.56,"mineable,pow,blake2b,platform,distributed-computing,filesharing,storage,dragonfly-capital-portfolio,fenbushi-capital-portfolio,paradigm-portfolio,web3,near-protocol-ecosystem,depin"
33788,Peanut the Squirrel,PNUT,peanut-the-squirrel,196,,999853011.517962,999853011.517962,2024-11-04T02:00:00.000Z,2025-03-22T17:11:00.000Z,0.1895623999647378,218625666.26593694,0.66686082,7.83348783,-5.21376061,36.72477214,-49.56386217,-75.30857052,189534536.4753155,0.0069,189534536.48,"memes,solana-ecosystem,political-memes,animal-memes,pump-fun-ecosystem"
6953,Frax Share,FXS,frax-share,197,,88823268.55322391,99681495.59113361,2020-09-08T00:00:00.000Z,2025-03-22T17:11:00.000Z,2.1281474795738333,18557184.43094567,-0.45384188,0.52343174,14.67861582,16.57093822,-29.47089069,-14.68668508,189029015.09905317,0.0069,212136923.6,"defi,ethereum-ecosystem,amm,seigniorage,avalanche-ecosystem,solana-ecosystem,exnetwork-capital-portfolio,fantom-ecosystem,arbitrum-ecosystem,bnb-chain-ecosystem,made-in-america"
2577,Ravencoin,RVN,ravencoin,198,21000000000.0,14955455332.994707,14955455332.994707,2018-03-10T00:00:00.000Z,2025-03-22T17:11:00.000Z,0.012440002195528136,5907583.63395374,0.16256129,1.3576771,0.159275,-13.13208116,-35.81263541,-40.41008894,186045897.1775771,0.0067,261240046.11,"mineable,pow,platform,crowdfunding,real-world-assets,made-in-america"
31278,Drift,DRIFT,drift,199,,292573236.521239,1000000000.0,2024-05-16T07:44:32.000Z,2025-03-22T17:11:00.000Z,0.6345068175768462,42428985.95206169,1.07004131,-1.02287047,10.77867489,-6.32001327,-39.79992383,-42.15903269,185639713.21324927,0.0067,634506817.58,"decentralized-exchange-dex-token,derivatives,polychain-capital-portfolio,governance,solana-ecosystem,multicoin-capital-portfolio,jump-crypto,binance-alpha"
